Dateiname;ark;dc:identifier;dc:title;dc:creator;dc:publisher;dc:date;dc:format;dc:language;dc:relation;dc:source;dc:description;provenance;sdewey;dewey;typedoc;nqamoyen;first_indexation_date;GUID;dc:rights
_Encyclopédie ou Dictionnaire raisonné des;ark__12148_bpt6k505351;https://gallica.bnf.fr/ark:/12148/bpt6k505351;Encyclopédie ou Dictionnaire raisonné des sciences, des arts et des métiers. Tome troisième, Cha-Conjonctif ;V.A.;Briasson (Paris), David (puis), Le Breton, S. Faulche;1751-1765;"168 microfiches de 98 images ; 105 x 148 mm";français;''[''''Notice d'ensemble : http://catalogue.bnf.fr/ark:/12148/cb35153871q'''', 'Notice du catalogue : http://catalogue.bnf.fr/ark:/12148/cb35153871q']'';Bibliothèque nationale de France;"Collection : Archives de la linguistique française ; 118, Collection : Archives de la linguistique française ; 118, Encyclopédies";bnf.fr;30;0;monographie;98630;15.10.2007 00:00;8cfc519d-289e-4ce8-8053-9ebdc427ecb0;"[{'@xml:lang': 'fre', '#text': ""conditions spécifiques d'utilisation - Microformes et reprints""}, {'@xml:lang': 'eng', '#text': 'restricted use'}]"
Barthélemy_Voyage du jeune Anacharsis en;ark__12148_bpt6k9204644;https://gallica.bnf.fr/ark:/12148/bpt6k9204644;Voyage du jeune Anacharsis en Grèce dans le milieu du quatrième siècle avant l'ère vulgaire. Tome 1 ;Barthélemy, Jean-Jacques (1716-1795);(Paris);1893;"2 vol. (464, 471 p. ; 19 cm, Nombre total de vues : 480";français;''[''''Notice d'ensemble : http://catalogue.bnf.fr/ark:/12148/cb30062025f'''', 'Notice d’oeuvre : http://catalogue.bnf.fr/ark:/12148/cb14868457b', 'Notice du catalogue : http://catalogue.bnf.fr/ark:/12148/cb30062025f']'';Bibliothèque nationale de France, département Philosophie, histoire, sciences de l'homme, 8-J-1993 (1);Voyage du jeune Anarcharsis en Grèce (français), Avec mode texte;bnf.fr;930;90;monographie;88840;28.09.2015 00:00;baf9c42d-39ae-4a73-a255-aad901b86e13;[{'@xml:lang': 'fre', '#text': 'domaine public'}, {'@xml:lang': 'eng', '#text': 'public domain'}]
Beaumarchais_Clavijo;ark__12148_bpt6k6544715m;https://gallica.bnf.fr/ark:/12148/bpt6k6544715m;Clavijo ;Beaumarchais, Pierre-Augustin Caron de (1732-1799);Librairie des bibliophiles (Paris);1880;"1 vol. (XXXI-74 p.) ; in-16, Nombre total de vues : 118";français;Notice du catalogue : http://catalogue.bnf.fr/ark:/12148/cb300727336;Bibliothèque nationale de France, département Philosophie, histoire, sciences de l'homme, 8-LN27-34558;''''''Collection : Les Petits chefs-doeuvre'''', ''''Collection : Les Petits chefs-doeuvre'''', Avec mode texte'';bnf.fr;920;90;monographie;99960;31.07.2013 00:00;cf342bb5-d151-4543-b367-37136a721edc;[{'@xml:lang': 'fre', '#text': 'domaine public'}, {'@xml:lang': 'eng', '#text': 'public domain'}]
Beaumarchais_Mémoires de Beaumarchais dans l'Affaire;ark__12148_bpt6k5452641z;https://gallica.bnf.fr/ark:/12148/bpt6k5452641z;''Mémoires de Beaumarchais dans l'Affaire Goezman (Nouvelle édition collationnée avec le plus grand soin sur les éditions originales et précédée d'une appréciation tirée des ''''Causeries du lundi'''')'';Beaumarchais, Pierre-Augustin Caron de (1732-1799), Sainte-Beuve, Charles-Augustin (1804-1869);(Paris);1878;"1 vol. (XVI-411 p.) ; in-18, Nombre total de vues : 438";français;Notice du catalogue : http://catalogue.bnf.fr/ark:/12148/cb300727305;Bibliothèque nationale de France, département Droit, économie, politique, 8-F-624;''Comprend : Appréciation tirée des ''''Causeries du lundi'''', Avec mode texte'';bnf.fr;340;30;monographie;97110;04.11.2008 00:00;54b21928-a95e-49f4-9947-e8bfc4c895bb;[{'@xml:lang': 'fre', '#text': 'domaine public'}, {'@xml:lang': 'eng', '#text': 'public domain'}]
Bernardin de Saint-Pierre_Oeuvres de Jacques-Henri-Bernardin de Saint-Pierre;ark__12148_bpt6k58190460;https://gallica.bnf.fr/ark:/12148/bpt6k58190460;Oeuvres de Jacques-Henri-Bernardin de Saint-Pierre ;Bernardin de Saint-Pierre, Henri (1737-1814);(Paris);1836;"786 p. à 2 col. : portrait et pl. gr. ; in-4°, Nombre total de vues : 816";français;Notice du catalogue : http://catalogue.bnf.fr/ark:/12148/cb31284042d;Bibliothèque nationale de France, département Littérature et art, Z-5175;Appartient à l’ensemble documentaire : HNormand1, Appartient à l’ensemble documentaire : BmLHav000, Contient une table des matières, Avec mode texte;bnf.fr;800;80;monographie;99980;19.04.2010 00:00;69aa6a13-f134-407c-928b-aaa1b2b0f9a3;[{'@xml:lang': 'fre', '#text': 'domaine public'}, {'@xml:lang': 'eng', '#text': 'public domain'}]
Bertu_Dame Girafe à Paris .;ark__12148_bpt6k96128673;https://gallica.bnf.fr/ark:/12148/bpt6k96128673;Dame Girafe à Paris . Aventures et voyages de cette illustre étrangère, racontés par elle-même, en réponse au discours de S. E. l'ours Martin... à-propos historique par Charles-François Bertu, précédé d'une dissertation scientifique par Buffon,...;Bertu, Charles François. , Buffon, Georges-Louis Leclerc comte de (1707-1788);(Paris);1827;"70 p. ; in-16, Nombre total de vues : 88";français;Notice du catalogue : http://catalogue.bnf.fr/ark:/12148/cb30098536j;Bibliothèque nationale de France, département Sciences et techniques, S-25693;Comprend : Dissertation scientifique, Avec mode texte;bnf.fr;590;50;monographie;9850;02.11.2015 00:00;41bfa538-9307-4e1e-a996-432f3b4c411c;[{'@xml:lang': 'fre', '#text': 'domaine public'}, {'@xml:lang': 'eng', '#text': 'public domain'}]
Bossuet_Oraisons funèbres;ark__12148_bpt6k9612397h;https://gallica.bnf.fr/ark:/12148/bpt6k9612397h;Oraisons funèbres ;Bossuet, Jacques Bénigne (1627-1704), Bourdaloue, Louis (1632-1704), Fléchier, Esprit (1632-1710), Massillon, Jean-Baptiste (1663-1742), Lacordaire, Henri-Dominique (1802-1861);Librairie Aristide Quillet (Paris);1928;"1 vol. (XI-330 p.) : grav. ; in-8, Nombre total de vues : 360";français;['Notice d’oeuvre : http://catalogue.bnf.fr/ark:/12148/cb12559866n', 'Notice du catalogue : http://catalogue.bnf.fr/ark:/12148/cb31848791q'];Bibliothèque nationale de France, département Littérature et art, 8-Z-25168 (9);"''Oraisons funèbres (français), Collection : Classiques Quillet, ''''Comprend : Le vrai repentir ; Julie dAgennes ; Lhypocrisie ; Nous naimons pas Dieu'''', Contient une table des matières, Avec mode texte''";bnf.fr;840;80;monographie;99710;19.10.2015 00:00;00b5d568-dc37-40ab-a09e-fc7b3d161dfe;[{'@xml:lang': 'fre', '#text': 'domaine public'}, {'@xml:lang': 'eng', '#text': 'public domain'}]
Brougham_Voltaire et Rousseau : ouvrage;ark__12148_bd6t5369282n;https://gallica.bnf.fr/ark:/12148/bd6t5369282n;Voltaire et Rousseau : ouvrage accompagné de Lettres entièrement inédites de Voltaire, d'Helvétius, de Hume, etc., et orné de deux portraits gravés sur acier ;Brougham, Henry (1778-1868), Helvétius, Claude-Adrien (1715-1771), Hume, David (1711-1776), Voltaire (1694-1778), Voltaire (1694-1778);Amyot (Paris);1845;"1 vol. (XI-353 p.) : portraits ; 21 cm, Nombre total de vues : 384";français;Notice du catalogue : http://catalogue.bnf.fr/ark:/12148/cb30166026x;Bibliothèque nationale de France, département Philosophie, histoire, sciences de l'homme, 8-LN27-20839;"''''''Comprend : Lettre dHelvétius à M. labbé Le Blanc ; Lettres à M. labbé Le Blanc, historiographe des bâtiments du Roi ; Lettres de Voltaire à Louise de Saxe-Gotha ; Lettre à M. le Président Hénault'''', Avec mode texte''";bnf.fr;920;90;monographie;89060;12.12.2021 00:00;d62efdf8-4e2f-477b-8fdf-0c21d82cc2fb;[{'@xml:lang': 'fre', '#text': 'domaine public'}, {'@xml:lang': 'eng', '#text': 'public domain'}]
Brulat_Pour tous les yeux :;ark__12148_bpt6k931701c;https://gallica.bnf.fr/ark:/12148/bpt6k931701c;Pour tous les yeux : attrayante et saine littérature à lire et à relire;Brulat, Paul (1866-1940), Boyer-Rebiab, Louis (1874-19..), Voltaire (1694-1778), Musset, Alfred de (1810-1857);(Paris);1907;"16 p. ; in-16, Nombre total de vues : 20";français;Notice du catalogue : http://catalogue.bnf.fr/ark:/12148/cb31881190v;Bibliothèque nationale de France, département Littérature et art, 8-Z-6399;"''Collection : Collection Paul Brulat et Boyer-Rebiab, Collection : Collection Paul Brulat et Boyer-Rebiab, ''''Comprend : Un prisonnier au château dIf ; Fernanda ; Athéisme ; Lucie'''', Avec mode texte''";bnf.fr;840;80;monographie;87720;09.05.2016 00:00;5ab415b7-cfe3-4c7a-90f6-814e402bdd71;[{'@xml:lang': 'fre', '#text': 'domaine public'}, {'@xml:lang': 'eng', '#text': 'public domain'}]
Buffon_Correspondance inédite de Buffon, à;ark__12148_bpt6k62985931;https://gallica.bnf.fr/ark:/12148/bpt6k62985931;Correspondance inédite de Buffon, à laquelle ont été réunies les lettres publiées jusqu'à ce jour. Tome 1 ;Buffon, Georges-Louis Leclerc comte de (1707-1788);(Paris);1860;"2 vol. (XXXVII-500, 644 p.) ; in-8, Nombre total de vues : 553";français;''[''''Notice d'ensemble : http://catalogue.bnf.fr/ark:/12148/cb30174432p'''', 'Notice du catalogue : http://catalogue.bnf.fr/ark:/12148/cb30174432p']'';Bibliothèque nationale de France, département Littérature et art, Z-44255;Contient une table des matières, Avec mode texte;bnf.fr;500;50;monographie;99960;29.04.2013 00:00;0195d59e-82f4-49af-8d34-0c99c15d2a2f;[{'@xml:lang': 'fre', '#text': 'domaine public'}, {'@xml:lang': 'eng', '#text': 'public domain'}]
Buffon_Le Buffon illustré à l'usage;ark__12148_bpt6k883901j;https://gallica.bnf.fr/ark:/12148/bpt6k883901j;Le Buffon illustré à l'usage de la jeunesse : contenant une description très complète des mammifères, oiseaux, poissons, reptiles, insectes et coquilles ;Buffon, Georges-Louis Leclerc comte de (1707-1788), Bordot, Anatole (1833-19..?);Librairie de Theodore Lefevre (Paris), E. Guérin (Paris);1896;"1 vol. (314 p.) : fig. ; in-4, Nombre total de vues : 328";français;Notice du catalogue : http://catalogue.bnf.fr/ark:/12148/cb30174305h;Bibliothèque nationale de France, département Sciences et techniques, 4-S-1637;Appartient à l’ensemble documentaire : UnivJeun0, Avec mode texte;bnf.fr;590;50;monographie;89080;03.12.2012 00:00;d844a562-13c8-40c0-a020-9a5ec8844968;[{'@xml:lang': 'fre', '#text': 'domaine public'}, {'@xml:lang': 'eng', '#text': 'public domain'}]
Buffon_Les quadrupèdes : animaux domestiques;ark__12148_bpt6k759917;https://gallica.bnf.fr/ark:/12148/bpt6k759917;"Les quadrupèdes : animaux domestiques et animaux sauvages en France ; précédés du Discours sur la nature des animaux";Buffon, Georges-Louis Leclerc comte de (1707-1788);(Bar-le-Duc);1877;"IV-298 p. ; in-8, Nombre total de vues : 309";français;Notice du catalogue : http://catalogue.bnf.fr/ark:/12148/cb301744184;Bibliothèque nationale de France, département Sciences et techniques, 8-S-594;''''''Collection : Bibliothèque des chefs-doeuvre'''', ''''Collection : Bibliothèque des chefs-doeuvre'''''';bnf.fr;590;50;monographie;97720;15.10.2007 00:00;d9ad4d81-9ae5-4691-8775-37d4b5e311fd;[{'@xml:lang': 'fre', '#text': 'domaine public'}, {'@xml:lang': 'eng', '#text': 'public domain'}]
Casanova_Casanova à Paris : ses;ark__12148_bpt6k63862473;https://gallica.bnf.fr/ark:/12148/bpt6k63862473;Casanova à Paris : ses séjours racontés par lui-même ;Casanova, Giacomo (1725-1798);J. Schemit (Paris);1913;"1 vol. (XII-511-XVI p.) ; in-8, Nombre total de vues : 558";français;Notice du catalogue : http://catalogue.bnf.fr/ark:/12148/cb31912779z;Bibliothèque nationale de France, département Philosophie, histoire, sciences de l'homme, 8-Z LE SENNE-3640;Contient une table des matières, Avec mode texte;bnf.fr;9440;90;monographie;99960;17.12.2012 00:00;1bd794ff-53a6-440d-899e-43aeff903374;[{'@xml:lang': 'fre', '#text': 'domaine public'}, {'@xml:lang': 'eng', '#text': 'public domain'}]
Cazotte_Oeuvres badines et morales, historiques;ark__12148_bpt6k97434265;https://gallica.bnf.fr/ark:/12148/bpt6k97434265;Oeuvres badines et morales, historiques et philosophiques de Jacques Cazotte. Tome 1 ;Cazotte, Jacques (1719-1792);J.-F. Bastien (Paris);1817;"4 vol., pl. ; in-8, Nombre total de vues : 584";français;''[''''Notice d'ensemble : http://catalogue.bnf.fr/ark:/12148/cb302107105'''', 'Notice du catalogue : http://catalogue.bnf.fr/ark:/12148/cb302107105']'';Bibliothèque nationale de France, département Littérature et art, Z-29378;Contient une table des matières, Avec mode texte;bnf.fr;800;80;monographie;9850;19.09.2016 00:00;0e6b10e0-825f-47df-98ad-505879f7574b;[{'@xml:lang': 'fre', '#text': 'domaine public'}, {'@xml:lang': 'eng', '#text': 'public domain'}]
Chamfort_Oeuvres complètes de Chamfort. T.;ark__12148_bpt6k2026541;https://gallica.bnf.fr/ark:/12148/bpt6k2026541;Oeuvres complètes de Chamfort. T. 5 ;Chamfort, Sébastien-Roch-Nicolas de (1741?-1794);Chaumerot jeune (Paris);1824-1825;"5 vol. ; in-8, Nombre total de vues : 442";français;''[''''Notice d'ensemble : http://catalogue.bnf.fr/ark:/12148/cb30217974n'''', 'Notice du catalogue : http://catalogue.bnf.fr/ark:/12148/cb30217974n']'';Bibliothèque nationale de France;;bnf.fr;800;80;monographie;94760;15.10.2007 00:00;607c916f-3ebe-4b27-926e-38449a7fa936;[{'@xml:lang': 'fre', '#text': 'domaine public'}, {'@xml:lang': 'eng', '#text': 'public domain'}]
Chamfort_Oeuvres de Chamfort. Tome 4;ark__12148_bpt6k9607085j;https://gallica.bnf.fr/ark:/12148/bpt6k9607085j;Oeuvres de Chamfort. Tome 4 ;Chamfort, Sébastien-Roch-Nicolas de (1741?-1794);Impr. des sciences et des arts (Paris);1794;"4 vol. ; in-8, Nombre total de vues : 468";français;''[''''Notice d'ensemble : http://catalogue.bnf.fr/ark:/12148/cb302179708'''', 'Notice du catalogue : http://catalogue.bnf.fr/ark:/12148/cb302179708']'';Bibliothèque nationale de France, département Littérature et art, Z-27647;Appartient à l’ensemble documentaire : GTextes1, Contient une table des matières, Avec mode texte;bnf.fr;800;80;monographie;9850;03.08.2015 00:00;40f5a8b4-d755-43b8-b6ea-e4677697011e;[{'@xml:lang': 'fre', '#text': 'domaine public'}, {'@xml:lang': 'eng', '#text': 'public domain'}]
Champroux_Le vrai moyen de vivre;ark__12148_bpt6k54968855;https://gallica.bnf.fr/ark:/12148/bpt6k54968855;Le vrai moyen de vivre longtemps ;Champroux, Stan.. , Florian, Jean-Pierre Claris de (1755-1794);E. Dentu (Paris);1885;"1 vol. (462 p.) ; in-8, Nombre total de vues : 472";français;Notice du catalogue : http://catalogue.bnf.fr/ark:/12148/cb30219530d;Bibliothèque nationale de France, département Philosophie, histoire, sciences de l'homme, 8-R-6561;Comprend : La mort, Contient une table des matières, Avec mode texte;bnf.fr;840;80;monographie;97390;18.05.2009 00:00;5bd8e06f-3d22-45b5-9d19-68d6d11d2c0b;[{'@xml:lang': 'fre', '#text': 'domaine public'}, {'@xml:lang': 'eng', '#text': 'public domain'}]
Chateaubriand_Beautés de Chateaubriand ou Morceaux;ark__12148_bpt6k97798141;https://gallica.bnf.fr/ark:/12148/bpt6k97798141;Beautés de Chateaubriand ou Morceaux choisis des Martyrs et du Génie du christianisme : suivis des beautés du théâtre classique français, ou Choix des passages les plus remarquables à l'usage des élèves des collèges ou lycées et des écoles ecclésiastiques de Corneille, Racine, Voltaire et Molière... ;Chateaubriand, François-René de (1768-1848), Molière (1622-1673), Racine, Jean (1639-1699), Voltaire (1694-1778);Vve J.-P. Aillaud, Guillard (Paris), N. A. Alves (Rio de Janeiro);1874;"1 vol. (356 p.) ; in-18, Nombre total de vues : 376";français;Notice du catalogue : http://catalogue.bnf.fr/ark:/12148/cb302275873;Bibliothèque nationale de France, département Littérature et art, Z-45083;"Comprend : Le Misanthrope ; Britannicus, Esther, Athalie ; Mérope, Contient une table des matières, Avec mode texte";bnf.fr;840;80;monographie;99180;05.06.2017 00:00;7a59737e-2957-4e5b-8102-7fa12245ea5d;[{'@xml:lang': 'fre', '#text': 'domaine public'}, {'@xml:lang': 'eng', '#text': 'public domain'}]
Chénier_Discours adressé à Sa Majesté;ark__12148_bpt6k64720778;https://gallica.bnf.fr/ark:/12148/bpt6k64720778;Discours adressé à Sa Majesté impériale en son Conseil d'État, le 27 février 1808, au nom de la classe de la langue et de la littérature française (par M.-J. Chénier);Chénier, Marie-Joseph de (1764-1811);Dabin (Paris);1808;In-8° , 32 p., Nombre total de vues : 32;français;Notice du catalogue : http://catalogue.bnf.fr/ark:/12148/cb30232851x;Bibliothèque nationale de France, département Littérature et art, Z-28412;Avec mode texte;bnf.fr;800;80;monographie;99960;04.04.2013 00:00;6b519c69-ffa9-4428-9776-7471d841817b;[{'@xml:lang': 'fre', '#text': 'domaine public'}, {'@xml:lang': 'eng', '#text': 'public domain'}]
Chénier_Discours sur les progrès des;ark__12148_bpt6k5403850j;https://gallica.bnf.fr/ark:/12148/bpt6k5403850j;Discours sur les progrès des connaissances en Europe et de l'enseignement public en France ;Chénier, Marie-Joseph de (1764-1811);(Paris);1800;"52 p. ; in-8, Nombre total de vues : 62";français;Notice du catalogue : http://catalogue.bnf.fr/ark:/12148/cb30232859p;Bibliothèque nationale de France, département Philosophie, histoire, sciences de l'homme, R-31276;Avec mode texte;bnf.fr;940;90;monographie;93450;29.05.2008 00:00;8764f015-596e-4807-a150-b2b6c3c78562;[{'@xml:lang': 'fre', '#text': 'domaine public'}, {'@xml:lang': 'eng', '#text': 'public domain'}]
Choderlos de Laclos_Les grands hommes du jour;ark__12148_bpt6k402815;https://gallica.bnf.fr/ark:/12148/bpt6k402815;Les grands hommes du jour ([Reprod.]) ;Choderlos de Laclos, Pierre-Ambroise-François (1741-1803), Rivarol, Antoine de (1753-1801), Mirabeau, Honoré-Gabriel Riquetti comte de (1749-1791);s.n.s.n.;1790-1791;"6 microfiches ; 105*148 mm, Nombre total de vues : 163";français;Notice du catalogue : http://catalogue.bnf.fr/ark:/12148/cb37277047g;Bibliothèque nationale de France;"Collection : Les archives de la Révolution française ; 6.2.729, Collection : Les archives de la Révolution française ; 6.2.729, Contient une table des matières, Ouvrages avant 1800";bnf.fr;9440;90;monographie;95440;15.10.2007 00:00;16e83d67-50af-4456-844a-e965eb819016;"[{'@xml:lang': 'fre', '#text': ""conditions spécifiques d'utilisation - Collection Les archives de la Révolution française""}, {'@xml:lang': 'eng', '#text': 'restricted use'}]"
Condorcet_Oeuvres de Condorcet. Tome 1;ark__12148_bpt6k58105584;https://gallica.bnf.fr/ark:/12148/bpt6k58105584;Oeuvres de Condorcet. Tome 1 ;Condorcet, Jean-Antoine-Nicolas de Caritat marquis de (1743-1794);Firmin Didot frères (Paris);1847-1849;"12 vol. ; in-8, Nombre total de vues : 862";français;''[''''Notice d'ensemble : http://catalogue.bnf.fr/ark:/12148/cb30263648b'''', 'Notice du catalogue : http://catalogue.bnf.fr/ark:/12148/cb30263648b']'';Bibliothèque nationale de France, département Littérature et art, Z-28850;Appartient à l’ensemble documentaire : GTextes1, Contient une table des matières, Avec mode texte;bnf.fr;840;80;monographie;96390;12.07.2010 00:00;d3962b6f-6c2a-420b-9c7a-c57c006c514b;[{'@xml:lang': 'fre', '#text': 'domaine public'}, {'@xml:lang': 'eng', '#text': 'public domain'}]
Condorcet_Opinion de M. Condorcet sur;ark__12148_bpt6k743633;https://gallica.bnf.fr/ark:/12148/bpt6k743633;Opinion de M. Condorcet sur les mesures générales propres à sauver la patrie des dangers imminens dont elle est menacée : prononcée à l'Assemblée nationale, le 6 juillet 1792...;Condorcet, Jean-Antoine-Nicolas de Caritat marquis de (1743-1794);Impr. nationale (Paris);1792;"42 p. ; in-8, Nombre total de vues : 46";français;Notice du catalogue : http://catalogue.bnf.fr/ark:/12148/cb30263797t;Bibliothèque nationale de France, département Philosophie, histoire, sciences de l'homme, Le33-3. A (47);;bnf.fr;9440;90;monographie;65480;15.10.2007 00:00;3a7f1214-a814-4868-9596-a98d57c08bab;[{'@xml:lang': 'fre', '#text': 'domaine public'}, {'@xml:lang': 'eng', '#text': 'public domain'}]
Coriolis d'Espinouse_A l'ombre de Jacques Delille;ark__12148_bpt6k5447525s;https://gallica.bnf.fr/ark:/12148/bpt6k5447525s;"A l'ombre de Jacques Delille , dithyrambe, par M. de Coriolis, suivi de Recherches sur la poésie dithyrambique, et de La messe de Minuit ; avec les deux notices de MM. Féletz et Michaud ; et quelques pièces inédites de J. Delille";Coriolis d'Espinouse, Charles Louis Alexandre (1770?-1841), Delille, Jacques (1738-1813), Féletz, Charles-Marie de (1767-1850), Michaud, Joseph-François (1767-1839);(Paris);1813;"138 p. ; in-12, Nombre total de vues : 140";français;Notice du catalogue : http://catalogue.bnf.fr/ark:/12148/cb30270504x;Bibliothèque nationale de France, département Littérature et art, YE-19101;"Comprend : Pièces inédites ; Nécrologie ; Notice historique sur Jacques Delille, Contient une table des matières, Avec mode texte";bnf.fr;840;80;monographie;91710;14.10.2008 00:00;b3a37d60-1fee-45e0-a316-22d17585f59f;[{'@xml:lang': 'fre', '#text': 'domaine public'}, {'@xml:lang': 'eng', '#text': 'public domain'}]
Cottin_Sophie de Monnier et Mirabeau,;ark__12148_bpt6k9745528z;https://gallica.bnf.fr/ark:/12148/bpt6k9745528z;Sophie de Monnier et Mirabeau, d'après leur correspondance secrète inédite (1775-1789) : avec 3 portraits, dont un en héliogravure d'après Heinsius, 2 fac-similés d'autographes, une table déchiffrante et un plan du couvent des Saintes-Claires de Gien ;"Cottin, Paul (1856-1932), Monnier, Sophie (1754-1789 ; marquise de)";Plon-Nourrit et Cie (Paris);1903;"1 vol. (CCLX-282 p.) : portraits, fig. et fac-similés ; in-8, Nombre total de vues : 573";français;Notice du catalogue : http://catalogue.bnf.fr/ark:/12148/cb30277394v;Bibliothèque nationale de France, département Philosophie, histoire, sciences de l'homme, 8-LN27-49717;Contient une table des matières, Avec mode texte;bnf.fr;920;90;monographie;99330;03.10.2016 00:00;ea009a59-54a6-4971-8616-a11bfc24c757;[{'@xml:lang': 'fre', '#text': 'domaine public'}, {'@xml:lang': 'eng', '#text': 'public domain'}]
Delille_La pitié, poëme par Jacques;ark__12148_bpt6k54457194;https://gallica.bnf.fr/ark:/12148/bpt6k54457194;La pitié, poëme par Jacques Delille. Avec quatre figures;Delille, Jacques (1738-1813);A Paris, chez Giguet et Michaud. 1803-an XI;1803;"6, 243 p., 4 f. de pl. gr.s.c. ; in-18, Nombre total de vues : 254";français;Notice du catalogue : http://catalogue.bnf.fr/ark:/12148/cb30317881t;Bibliothèque nationale de France, département Littérature et art, YE-19859;Avec mode texte;bnf.fr;800;80;monographie;91910;30.09.2008 00:00;2bb66456-705b-46c4-8de3-2d9d0b398682;[{'@xml:lang': 'fre', '#text': 'domaine public'}, {'@xml:lang': 'eng', '#text': 'public domain'}]
Delille_Oeuvres de J. Delille (2e;ark__12148_bpt6k9749820x;https://gallica.bnf.fr/ark:/12148/bpt6k9749820x;Oeuvres de J. Delille (2e édition) ;Delille, Jacques (1738-1813), Virgile (0070-0019 av. J.-C.), Virgile (0070-0019 av. J.-C.), Milton, John (1608-1674);Lefèvre (Paris);1833;"1 vol. (VIII-914 p.) : portr. ; Gr. in-8, Nombre total de vues : 950";français;Notice du catalogue : http://catalogue.bnf.fr/ark:/12148/cb452597986;Bibliothèque nationale de France, département Littérature et art, YE-2500;"Comprend : Les Géorgiques ; Énéide ; Paradis perdus, Contient une table des matières, Avec mode texte";bnf.fr;840;80;monographie;98660;10.10.2016 00:00;ab86d32f-0e7d-44e6-8d14-0bb26578db55;[{'@xml:lang': 'fre', '#text': 'domaine public'}, {'@xml:lang': 'eng', '#text': 'public domain'}]
Denon_Voyage dans la Basse et;ark__12148_bpt6k62023344;https://gallica.bnf.fr/ark:/12148/bpt6k62023344;Voyage dans la Basse et la Haute Égypte, pendant les campagnes du général Bonaparte ;Denon, Dominique-Vivant (1747-1825);impr. de P. Didot laîné (Paris);1802;2 vol. : 1 vol. de texte et 1 vol. de planches, Nombre total de vues : 354;français;''[''''Notice d'ensemble : http://catalogue.bnf.fr/ark:/12148/cb30325100s'''', 'Notice du catalogue : http://catalogue.bnf.fr/ark:/12148/cb30325100s']'';Bibliothèque nationale de France;Appartient à l’ensemble documentaire : GTextes1, Appartient à l’ensemble documentaire : BbLevt0, Contient une table des matières, Avec mode texte;bnf.fr;910;90;monographie;99940;05.03.2012 00:00;3bd6dc76-cc4e-4bb4-a9cd-1acee8381d98;[{'@xml:lang': 'fre', '#text': 'domaine public'}, {'@xml:lang': 'eng', '#text': 'public domain'}]
''Destutt de Tracy_Commentaire sur l'''''Esprit des lois'''''';ark__12148_bpt6k5658432n;https://gallica.bnf.fr/ark:/12148/bpt6k5658432n;"''Commentaire sur l'''''Esprit des lois'''' de Montesquieu ; suivi d'observations inédites de Condorcet sur le 29e livre du même ouvrage''";Destutt de Tracy, Antoine-Louis-Claude (1754-1836), Condorcet, Jean-Antoine-Nicolas de Caritat marquis de (1743-1794);Delaunay (Paris);1819;"XVI-476 p. ; in-8, Nombre total de vues : 498";français;Notice du catalogue : http://catalogue.bnf.fr/ark:/12148/cb30336693f;Bibliothèque nationale de France, département Droit, économie, politique, E*-1333;''Comprend : Observations sur le vingt-neuvième livre de l\''''Esprit des lois'''', Appartient à l’ensemble documentaire : GTextes1, Contient une table des matières, Avec mode texte'';bnf.fr;340;30;monographie;96130;22.06.2009 00:00;8f1c6fa2-6d34-4068-aa67-442006111d23;[{'@xml:lang': 'fre', '#text': 'domaine public'}, {'@xml:lang': 'eng', '#text': 'public domain'}]
Diderot_Collection complette des oeuvres philosophiques,;ark__12148_bpt6k9787724q;https://gallica.bnf.fr/ark:/12148/bpt6k9787724q;Collection complette des oeuvres philosophiques, littéraires et dramatiques de M. Diderot.... Tome 2;Diderot, Denis (1713-1784);s.n. (Londres);1773;"5 vol. ; in-8, Nombre total de vues : 514";français;''[''''Notice d'ensemble : http://catalogue.bnf.fr/ark:/12148/cb303406200'''', 'Notice du catalogue : http://catalogue.bnf.fr/ark:/12148/cb303406200']'';Bibliothèque nationale de France, département Littérature et art, Z-27596;Contient une table des matières, Avec mode texte;bnf.fr;800;80;monographie;9500;31.07.2017 00:00;4cefe8fb-161a-428a-916a-d70bceea54a0;[{'@xml:lang': 'fre', '#text': 'domaine public'}, {'@xml:lang': 'eng', '#text': 'public domain'}]
Diderot_Mélanges philosophiques;ark__12148_bpt6k5601175t;https://gallica.bnf.fr/ark:/12148/bpt6k5601175t;Mélanges philosophiques ;Diderot, Denis (1713-1784);Librairie de la Bibliothèque nationale (Paris);1893;"1 vol. (192 p.) ; in-16, Nombre total de vues : 208";français;Notice du catalogue : http://catalogue.bnf.fr/ark:/12148/cb30340639d;Bibliothèque nationale de France, département Philosophie, histoire, sciences de l'homme, 8-R-11717;Collection : Bibliothèque nationale, Avec mode texte;bnf.fr;100;10;monographie;93870;03.08.2009 00:00;67ed14a8-1b1f-4ecf-9d30-69fa29ae4374;[{'@xml:lang': 'fre', '#text': 'domaine public'}, {'@xml:lang': 'eng', '#text': 'public domain'}]
Diderot_Supplément aux Oeuvres de Diderot;ark__12148_bpt6k6430616x;https://gallica.bnf.fr/ark:/12148/bpt6k6430616x;"Supplément aux Oeuvres de Diderot ; contenant : Voyage de Hollande. - Salons de 1761 et 1769. - Fragmens politiques. - Mélanges de littérature. - Poésies. - Dialogues. - Lettres. Seconde édition, augmentée du Joueur...";Diderot, Denis (1713-1784);A. Belin (Paris);1819;"II-580 p. ; in-8, Nombre total de vues : 596";français;Notice du catalogue : http://catalogue.bnf.fr/ark:/12148/cb30340624c;Bibliothèque nationale de France, département Littérature et art, Z-27635;Contient une table des matières, Avec mode texte;bnf.fr;800;80;monographie;99930;29.04.2013 00:00;54675af1-d0d5-4b7d-a8e1-d909112c96a6;[{'@xml:lang': 'fre', '#text': 'domaine public'}, {'@xml:lang': 'eng', '#text': 'public domain'}]
Du Deffand_Correspondance complète de la Marquise;ark__12148_bpt6k206388r;https://gallica.bnf.fr/ark:/12148/bpt6k206388r;Correspondance complète de la Marquise Du Deffand avec ses amis le président Hénault, Montesquieu, d'Alembert, Voltaire, Horace Walpole : classée dans l'ordre chronologique et sans suppressions, augmentée des lettres inédites au chevalier de L'Isle, précédée d'une histoire de sa vie, de son salon, de ses amis, suivie de ses oeuvres diverses et éclairée de nombreuses notes. T. 1 ;Du Deffand, Marie (1697-1780);(Paris);1865;"2 vol. : portr., fac-sim. ; in-8, Nombre total de vues : 838";français;''[''''Notice d'ensemble : http://catalogue.bnf.fr/ark:/12148/cb30367190w'''', 'Notice du catalogue : http://catalogue.bnf.fr/ark:/12148/cb30367190w']'';Bibliothèque nationale de France;Appartient à l’ensemble documentaire : GTextes1, Correspondance;bnf.fr;840;80;monographie;93130;15.10.2007 00:00;788a3943-5a54-4afa-a36a-da585b539b8f;[{'@xml:lang': 'fre', '#text': 'domaine public'}, {'@xml:lang': 'eng', '#text': 'public domain'}]
Dubois_Le Buffon des familles :;ark__12148_bpt6k30789856;https://gallica.bnf.fr/ark:/12148/bpt6k30789856;Le Buffon des familles : histoire et description des animaux, extraites des oeuvres de Buffon et de Lacépède ;Dubois, Nicolas-Auguste (1799-187.?), Buffon, Georges-Louis Leclerc comte de (1707-1788), Lacépède, Étienne de (1756-1825);(Paris);1883;"1 vol. (III-645 p.) : pl. et fig. ; in-4, Nombre total de vues : 660";français;Notice du catalogue : http://catalogue.bnf.fr/ark:/12148/cb30359257m;Bibliothèque nationale de France, département Sciences et techniques, 4-S-475;Avec mode texte;bnf.fr;590;50;monographie;89490;29.09.2019 00:00;a108641e-68cf-4847-ab11-6c83c1101b3f;[{'@xml:lang': 'fre', '#text': 'domaine public'}, {'@xml:lang': 'eng', '#text': 'public domain'}]
Ducrest_Paris en province et la;ark__12148_bpt6k372166;https://gallica.bnf.fr/ark:/12148/bpt6k372166;Paris en province et la province à Paris. suivi du Château de Coppet en 1807 : nouvelle historique. T. 1 ;Ducrest, Georgette. , Genlis, Stéphanie-Félicité Du Crest comtesse de (1746-1830);(Paris);1831;"3 vol. (XVI-430, 412, 376 p.) ; in-8, Nombre total de vues : 379";français;''[''''Notice d'ensemble : http://catalogue.bnf.fr/ark:/12148/cb37310072x'''', 'Notice du catalogue : http://catalogue.bnf.fr/ark:/12148/cb37310072x']'';Bibliothèque nationale de France;Comprend : Le château de Coppet en 1807;bnf.fr;840;80;monographie;92240;15.10.2007 00:00;1f352f94-5c43-48a3-bc26-f99b744075c8;[{'@xml:lang': 'fre', '#text': 'domaine public'}, {'@xml:lang': 'eng', '#text': 'public domain'}]
Eynard_Essai sur la vie de;ark__12148_bpt6k1148759;https://gallica.bnf.fr/ark:/12148/bpt6k1148759;Essai sur la vie de Tissot,... : contenant des lettres inédites de Tronchin, Voltaire, Haller, Zimmermann, Rousseau, Bonnet, Stanislas Auguste II, Napoléon Bonaparte, etc. ;"Eynard, Charles (1808-1876), Stanislas II Auguste Poniatowski (1732-1798 ; roi de Pologne), Tissot, Samuel Auguste André David (1728-1797), Tronchin, Théodore (1709-1781), Voltaire (1694-1778), Rousseau, Jean-Jacques (1712-1778), Napoléon Ier (1769-1821 ; empereur des Français)";(Lausanne);1839;"1 vol. (389 p.) ; in-8, Nombre total de vues : 387";français;Notice du catalogue : http://catalogue.bnf.fr/ark:/12148/cb304123388;Bibliothèque nationale de France, département Philosophie, histoire, sciences de l'homme, M-26048;;bnf.fr;610;60;monographie;99380;10.12.2007 00:00;bcdb99ee-ad77-4d16-821a-a3fdb3f76755;[{'@xml:lang': 'fre', '#text': 'domaine public'}, {'@xml:lang': 'eng', '#text': 'public domain'}]
Fléchier_Chefs-d'oeuvre oratoires de Fléchier, Bourdaloue.;ark__12148_bpt6k6458009r;https://gallica.bnf.fr/ark:/12148/bpt6k6458009r;Chefs-d'oeuvre oratoires de Fléchier, Bourdaloue. [Petit Carême ;Fléchier, Esprit (1632-1710), Massillon, Jean-Baptiste (1663-1742), Bourdaloue, Louis (1632-1704);Furne (Paris);1853;"1 vol. (478 p.) ; in-8, Nombre total de vues : 506";français;Notice du catalogue : http://catalogue.bnf.fr/ark:/12148/cb30440681c;Bibliothèque nationale de France, département Littérature et art, X-25169;Comprend : Petit carême, Contient une table des matières, Avec mode texte;bnf.fr;800;80;monographie;99960;24.12.2012 00:00;1739daed-1316-42e1-a002-f1686ac356e3;[{'@xml:lang': 'fre', '#text': 'domaine public'}, {'@xml:lang': 'eng', '#text': 'public domain'}]
Florian_400 coups d'un gamin de;ark__12148_bpt6k6515179z;https://gallica.bnf.fr/ark:/12148/bpt6k6515179z;400 coups d'un gamin de Paris ;Florian, Jean-Pierre Claris de (1755-1794);Tallandier (Paris);1932;"64 p. : ill., couv. ill. en coul. ; in-fol., Nombre total de vues : 76";français;Notice du catalogue : http://catalogue.bnf.fr/ark:/12148/cb43530278v;Ville de Paris / Fonds Heure joyeuse, 2013-37668;Contient une table des matières, Avec mode texte;bnf.fr;840;80;monographie;99930;26.03.2013 00:00;65586943-6c06-45dd-b4ae-58f3a312ef5b;[{'@xml:lang': 'fre', '#text': 'domaine public'}, {'@xml:lang': 'eng', '#text': 'public domain'}]
Fos_Gastronomiana, proverbes, aphorismes, préceptes et;ark__12148_bpt6k61198468;https://gallica.bnf.fr/ark:/12148/bpt6k61198468;Gastronomiana, proverbes, aphorismes, préceptes et anecdotes en vers, précédés de notes relatives à l'histoire de la table, par Georges d'Heylli ;Fos, Léon de (1797-1889), Grimod de La Reynière, Alexandre-Balthazar-Laurent (1758-1837), Heylli, Georges d (1833-1902)];Rouquette (Paris);1870;In-12, XXXV-169 p., Nombre total de vues : 230;français;Notice du catalogue : http://catalogue.bnf.fr/ark:/12148/cb30451669z;Bibliothèque nationale de France, département Littérature et art, YE-22629;"''''''Comprend : Avantage de la bonne chère sur les femmes, discours dun vrai gourmand ; Notes relatives à lhistoire de la table'''', Appartient à l’ensemble documentaire : PatGourm, Contient une table des matières, Avec mode texte''";bnf.fr;700;70;monographie;96240;23.08.2010 00:00;2bd274e1-8e8c-439a-883b-8b7ce9c09a3e;[{'@xml:lang': 'fre', '#text': 'domaine public'}, {'@xml:lang': 'eng', '#text': 'public domain'}]
Galland_Du retour des Bourbons en;ark__12148_bpt6k5796103m;https://gallica.bnf.fr/ark:/12148/bpt6k5796103m;Du retour des Bourbons en France et du gouvernement paternel de Louis XVIII , par A. Galland, membre de la commission des sciences et arts d'Égypte;Galland, Antoine (1763-1851);chez lauteur (Paris);1815;In-8° , 30 p., Nombre total de vues : 38;français;Notice du catalogue : http://catalogue.bnf.fr/ark:/12148/cb30476365c;Bibliothèque nationale de France, département Philosophie, histoire, sciences de l'homme, 8-LB45-456;Avec mode texte;bnf.fr;840;80;monographie;99980;18.10.2010 00:00;d8e6d0ea-d296-4f93-95a2-0883407e504c;[{'@xml:lang': 'fre', '#text': 'domaine public'}, {'@xml:lang': 'eng', '#text': 'public domain'}]
Genlis_Contes moraux;ark__12148_bpt6k5492135m;https://gallica.bnf.fr/ark:/12148/bpt6k5492135m;Contes moraux ;Genlis, Stéphanie-Félicité Du Crest comtesse de (1746-1830);(Paris);1861;"1 vol. (VII-287 p.) : ill. ; in-16, Nombre total de vues : 318";français;Notice du catalogue : http://catalogue.bnf.fr/ark:/12148/cb30495426x;Bibliothèque nationale de France, département Littérature et art, Y2-38327;Collection : Bibliothèque rose illustrée, Collection : Bibliothèque rose illustrée, Appartient à l’ensemble documentaire : UnivJeun0, Contient une table des matières, Avec mode texte;bnf.fr;840;80;monographie;99980;10.02.2009 00:00;9f943b5a-cc24-42f4-bcd6-61aa6e46e569;[{'@xml:lang': 'fre', '#text': 'domaine public'}, {'@xml:lang': 'eng', '#text': 'public domain'}]
Genlis_La Duchesse de La Vallière;ark__12148_bpt6k97920723;https://gallica.bnf.fr/ark:/12148/bpt6k97920723;La Duchesse de La Vallière . Septième édition. Par madame de Genlis;Genlis, Stéphanie-Félicité Du Crest comtesse de (1746-1830);(Paris);1806;"XXIII-1-351 p. ; in-8, Nombre total de vues : 394";français;Notice du catalogue : http://catalogue.bnf.fr/ark:/12148/cb304955355;Bibliothèque nationale de France, département Littérature et art, 8-Y2-61280;Avec mode texte;bnf.fr;840;80;monographie;9850;14.08.2017 00:00;a71da17b-f94d-4297-9cfa-26fbd7198e42;[{'@xml:lang': 'fre', '#text': 'domaine public'}, {'@xml:lang': 'eng', '#text': 'public domain'}]
Genlis_Les soupers de la maréchale;ark__12148_bpt6k3044350v;https://gallica.bnf.fr/ark:/12148/bpt6k3044350v;Les soupers de la maréchale de Luxembourg . Dédiés a Mr. le vicomte de Larochefoucauld, par Mme la comtesse de Genlis.;Genlis, Stéphanie-Félicité Du Crest comtesse de (1746-1830);Roux, libraire, Palais-Royal,... (Paris), et chez Ponthieu,... (Arthus-Bertrand,...), Delaunay,... (), Lecointe et Durey,... ();1828;"VIII-511-1 p. ; in-8, Nombre total de vues : 532";français;Notice du catalogue : http://catalogue.bnf.fr/ark:/12148/cb30495693m;Bibliothèque nationale de France, département Littérature et art, Z-49474;Avec mode texte;bnf.fr;800;80;monographie;87790;25.03.2019 00:00;aeaac932-aa7b-47ac-b6c7-5b34e8982b67;[{'@xml:lang': 'fre', '#text': 'domaine public'}, {'@xml:lang': 'eng', '#text': 'public domain'}]
Genlis_Les souvenirs de Félicie L****;ark__12148_bpt6k63670171;https://gallica.bnf.fr/ark:/12148/bpt6k63670171;Les souvenirs de Félicie L**** . Par Mme de Genlis. Nouvelle édition;Genlis, Stéphanie-Félicité Du Crest comtesse de (1746-1830);(Paris);1827;"348 p. ; in-12, Nombre total de vues : 376, application/epub+zip 3.0 accessible, Format adaptable de type XML DTBook, 2005-3";français;Notice du catalogue : http://catalogue.bnf.fr/ark:/12148/cb30495698b;Bibliothèque nationale de France, département Littérature et art, Y2-38472;Avec mode texte;bnf.fr;840;80;monographie;99930;17.12.2012 00:00;74b5d99b-b1e4-482b-a8a2-ce05114cd598;[{'@xml:lang': 'fre', '#text': 'domaine public'}, {'@xml:lang': 'eng', '#text': 'public domain'}]
Genlis_Mademoiselle de La Fayette, ou;ark__12148_bpt6k5819696z;https://gallica.bnf.fr/ark:/12148/bpt6k5819696z;Mademoiselle de La Fayette, ou Le siècle de Louis XIII. T. 1 ;Genlis, Stéphanie-Félicité Du Crest comtesse de (1746-1830);(Paris);1815;"2 vol. (XII-198, 206 p.) ; in-12, Nombre total de vues : 238";français;''[''''Notice d'ensemble : http://catalogue.bnf.fr/ark:/12148/cb304955502'''', 'Notice du catalogue : http://catalogue.bnf.fr/ark:/12148/cb304955502']'';Bibliothèque nationale de France, département Littérature et art, Y2-38378;Avec mode texte;bnf.fr;840;80;monographie;96090;12.04.2010 00:00;1522d737-1ccf-40f2-81c7-729cbf0f69e3;[{'@xml:lang': 'fre', '#text': 'domaine public'}, {'@xml:lang': 'eng', '#text': 'public domain'}]
Genlis_Manuel de la jeune femme,;ark__12148_bpt6k8533221;https://gallica.bnf.fr/ark:/12148/bpt6k8533221;Manuel de la jeune femme, guide complet de la maîtresse de maison,... par Mme la comtesse de G. ... [Genlis.];Genlis, Stéphanie-Félicité Du Crest comtesse de (1746-1830);(Paris);1829;In-12, 356 p., pl., titre gravé, Nombre total de vues : 380;français;Notice du catalogue : http://catalogue.bnf.fr/ark:/12148/cb30495663p;Bibliothèque nationale de France, département Philosophie, histoire, sciences de l'homme, R-37060;Avec mode texte;bnf.fr;;;monographie;78320;03.02.2014 00:00;ab9e040f-b279-47c4-a2e4-96ce86879549;[{'@xml:lang': 'fre', '#text': 'domaine public'}, {'@xml:lang': 'eng', '#text': 'public domain'}]
Genlis_Mémoires de Mme de Genlis;ark__12148_bpt6k6183667t;https://gallica.bnf.fr/ark:/12148/bpt6k6183667t;''Mémoires de Mme de Genlis sur la cour, la ville et les salons de Paris, illustrés par Janet-Lange et V. Foulquier, publiés avec le concours de Mme Georgette Ducrest. - Le Château de Coppet en 1807. Le Poignard de cristal. Fragment des ''''Souvenirs de Félicie'''''';Genlis, Stéphanie-Félicité Du Crest comtesse de (1746-1830);(Paris);;Gr. in-8° , 160 p., fig., Nombre total de vues : 162;français;Notice du catalogue : http://catalogue.bnf.fr/ark:/12148/cb30495674b;Bibliothèque nationale de France, département Littérature et art, Z-9692 (1);Avec mode texte;bnf.fr;;;monographie;97430;09.05.2011 00:00;1878cf3d-0082-4e6f-b943-58d96778eabc;[{'@xml:lang': 'fre', '#text': 'domaine public'}, {'@xml:lang': 'eng', '#text': 'public domain'}]
Gerard_Essai sur le goût ,;ark__12148_bpt6k97872544;https://gallica.bnf.fr/ark:/12148/bpt6k97872544;Essai sur le goût , par Alexandre Gérard,... Augmenté de trois dissertations sur le même sujet, par Mrs de Voltaire, d'Alembert et de Montesquieu : traduit sur la seconde édition angloise, par M. E***;Gerard, Alexander (1728-1795), Alembert, D (1717-1783), Montesquieu (1689-1755), Voltaire (1694-1778);Delalain (Paris), Vve Coignard de la Pinelle et L. Frantin (Dijon);1766;"VIII-306-4 p. ; in-8, Nombre total de vues : 330";français;Notice du catalogue : http://catalogue.bnf.fr/ark:/12148/cb30498075r;Bibliothèque nationale de France, département Littérature et art, Z-27577;"''''''Comprend : Réflexions sur lusage et sur labus de la philosophie dans les matières de goût... ; Essai sur le goût... ; Essai sur le goût'''', Contient une table des matières, Avec mode texte''";bnf.fr;800;80;monographie;9500;17.07.2017 00:00;7a8f2617-d990-4977-917d-29beb7807abb;[{'@xml:lang': 'fre', '#text': 'domaine public'}, {'@xml:lang': 'eng', '#text': 'public domain'}]
Goethe_Les veillées littéraires illustrées. T.;ark__12148_bpt6k5696663c;https://gallica.bnf.fr/ark:/12148/bpt6k5696663c;Les veillées littéraires illustrées. T. I : choix de romans, nouvelles, poésies, pièces de théâtre etc., etc., des meilleurs écrivains anciens et modernes;"Goethe, Johann Wolfgang von (1749-1832), Gilbert, Nicolas-Joseph-Laurent (1750-1780), Constant, Benjamin (1767-1830), Florian, Jean-Pierre Claris de (1755-1794), Sterne, Laurence (1713-1768), Esquiros, Alphonse (1812-1876), Maistre, Xavier de (1763-1852), Maistre, Xavier de (1763-1852), Esquiros, Alphonse (1812-1876), Rouget de Lisle, Claude Joseph (1760-1836), Chénier, Marie-Joseph de (1764-1811), Goldsmith, Oliver (1730?-1774), Esquiros, Alphonse (1812-1876), Cazotte, Jacques (1719-1792), Franklin, Benjamin (1706-1790), Crébillon, Claude-Prosper de (1707-1777), Gastineau, Benjamin (1823-1904), Tressan, Louis-Élisabeth de La Vergne (1705-1783 ; comte de), Lachambeaudie, Pierre (1806-1872), Bonaparte, Lucien (1775-1840), Duras, Claire de (1777-1828), Duras, Claire de (1777-1828), Cottin, Sophie (1770-1807), Lachambeaudie, Pierre (1806-1872), Sandeau, Jules (1811-1883), Baudelaire, Charles (1821-1867), Bougarre, Léopold. , Bonaparte, Pierre Napoléon (1815-1881), Lacroix, Paul (1806-1884)";J. Bry aîné (Paris);1849;"17 fasc. reliés en 1 vol. : ill. ; 32 cm, Nombre total de vues : 488";français;['Périodique lié : Les Veillées littéraires illustrées(ISSN 2025-4423), 1849 (Notice : http://catalogue.bnf.fr/ark:/12148/cb41954864m)', 'Notice du catalogue : http://catalogue.bnf.fr/ark:/12148/cb30525450h'];Bibliothèque nationale de France, département Littérature et art, Z-10195 (1-17);Avec mode texte;bnf.fr;840;80;monographie;92560;17.08.2009 00:00;fdb9ef27-25c9-4ea8-b97d-81993daa4e30;[{'@xml:lang': 'fre', '#text': 'domaine public'}, {'@xml:lang': 'eng', '#text': 'public domain'}]
Grimod de La Reynière_L'Alambic littéraire, ou Analyses raisonnées;ark__12148_bpt6k9800433h;https://gallica.bnf.fr/ark:/12148/bpt6k9800433h;L'Alambic littéraire, ou Analyses raisonnées d'un grand nombre d'ouvrages publiés récemment. Tome 2 ;Grimod de La Reynière, Alexandre-Balthazar-Laurent (1758-1837);''''''lauteur (Paris)'''', Maradan (Paris), Desenne etc. (Paris)'';1803;"2 vol. (VIII-400 ; 408 p.) ; in-8, Nombre total de vues : 424";français;''[''''Notice d'ensemble : http://catalogue.bnf.fr/ark:/12148/cb30543068d'''', 'Notice du catalogue : http://catalogue.bnf.fr/ark:/12148/cb30543068d']'';Bibliothèque nationale de France, département Littérature et art, Z-29738;Contient une table des matières, Avec mode texte;bnf.fr;800;80;monographie;9850;01.10.2017 00:00;44affbf6-8763-4abf-874b-487ed6f772bf;[{'@xml:lang': 'fre', '#text': 'domaine public'}, {'@xml:lang': 'eng', '#text': 'public domain'}]
Grimod de La Reynière_Le Gastronome français, ou L'art;ark__12148_bpt6k64847550;https://gallica.bnf.fr/ark:/12148/bpt6k64847550;Le Gastronome français, ou L'art de bien vivre , par les anciens auteurs du Journal des gourmands, MM. G. D. L. R***, D. D***, Gastermann, G***, Clytophon, Charles Sartrouville C. L. C***, C***, Marie de Saint-Ursin, B*** etc. : Ouvrage mis en ordre, accompagné de notes, de dissertations et d'observations par M. C***;Grimod de La Reynière, Alexandre-Balthazar-Laurent (1758-1837), Cadet de Gassicourt, Charles-Louis (1769-1821);Paris. Charles-Béchet, libraire-commissionnaire, quai des Augustins, N° 57, près le Pont-Neuf. 1828;1828;"VIII-503 p., frontisp. ; in-8, Nombre total de vues : 538, application/epub+zip";français;Notice du catalogue : http://catalogue.bnf.fr/ark:/12148/cb33400272w;Bibliothèque nationale de France, département Philosophie, histoire, sciences de l'homme, 8-Z LE SENNE-13155;Appartient à l’ensemble documentaire : PatGourm, Contient une table des matières, Avec mode texte;bnf.fr;640;60;monographie;99990;14.10.2013 00:00;b722f084-2351-4f1d-a049-4f4e9ac96cba;[{'@xml:lang': 'fre', '#text': 'domaine public'}, {'@xml:lang': 'eng', '#text': 'public domain'}]
Krüdener_Valérie;ark__12148_bpt6k3043107v;https://gallica.bnf.fr/ark:/12148/bpt6k3043107v;Valérie ;Krüdener, Barbara Juliane von (1764-1824);(Paris);1878;"1 vol. (339 p.) : pl., fac-sim., portr. ; in-8, Nombre total de vues : 380";français;Notice du catalogue : http://catalogue.bnf.fr/ark:/12148/cb30697562w;Bibliothèque nationale de France, département Littérature et art, 8-Z-567 (5);"Collection : Petite bibliothèque de luxe ; 5, Collection : Petite bibliothèque de luxe ; 5, Avec mode texte";bnf.fr;800;80;monographie;81810;27.02.2019 00:00;41af2c05-0276-467b-818c-38026d9382f1;[{'@xml:lang': 'fre', '#text': 'domaine public'}, {'@xml:lang': 'eng', '#text': 'public domain'}]
La Beaumelle_Vie de Maupertuis;ark__12148_bpt6k108346z;https://gallica.bnf.fr/ark:/12148/bpt6k108346z;Vie de Maupertuis ;"La Beaumelle, Laurent de (1727-1773), Angliviel, Maurice (1779-1876), Frédéric II (1712-1786 ; roi de Prusse), Maupertuis, Pierre-Louis Moreau de (1698-1759)";Ledoyen (Paris);1856;"XI-494 p. ; in-18, Nombre total de vues : 509";français;Notice du catalogue : http://catalogue.bnf.fr/ark:/12148/cb307027558;Bibliothèque nationale de France, département Centre technique du livre, 8-Ln27-13823;"Comprend : Lettre (de Maurice Angliviel du 5 octobre 1857) à M. Ledoyen, libraire, et à M. Ch. Meyrueis, imprimeur-libraire ; Lettres inédites / de Frédéric le Grand ; Lettres inédites / de Maupertuis";bnf.fr;520;50;monographie;99480;15.10.2007 00:00;77cdbe05-2f44-4a12-a2da-f5a568e1c218;[{'@xml:lang': 'fre', '#text': 'domaine public'}, {'@xml:lang': 'eng', '#text': 'public domain'}]
La Fontaine_Choix de fables de La;ark__12148_bd6t5370024g;https://gallica.bnf.fr/ark:/12148/bd6t5370024g;Choix de fables de La Fontaine, Florian et autres auteurs : avec des notices biographiques et des notes explicatives, à l'usage des écoles primaires et de l'année préparatoire de l'enseignement secondaire spécial ;La Fontaine, Jean de (1621-1695), Florian, Jean-Pierre Claris de (1755-1794);Hachette (Paris);1885;"1 vol (140 p.) ; in-16, Nombre total de vues : 148";français;Notice du catalogue : http://catalogue.bnf.fr/ark:/12148/cb320046635;Bibliothèque nationale de France, département Littérature et art, 8-YE-932;Avec mode texte;bnf.fr;840;80;monographie;8930;20.01.2022 00:00;a5aabd57-f558-4339-9e3d-a84c3b6f35c7;[{'@xml:lang': 'fre', '#text': 'domaine public'}, {'@xml:lang': 'eng', '#text': 'public domain'}]
Lambert (11)_Precis de la vie du;ark__12148_bpt6k5618994c;https://gallica.bnf.fr/ark:/12148/bpt6k5618994c;Precis de la vie du citoyen Lambert, depuis sa naissance jusqu'a ce jour . Suivi de quelques lettres de J. J. Rousseau, qui n'ont point encore été imprimées;Lambert (11), Rousseau, Jean-Jacques (1712-1778);;1793;"36 p. ; in-8, Nombre total de vues : 40";français;Notice du catalogue : http://catalogue.bnf.fr/ark:/12148/cb30726488s;Bibliothèque nationale de France, département Philosophie, histoire, sciences de l'homme, 8-LN27-11217;Comprend : Lettres de Jean-Jacques Rousseau, au citoyen Lenieps, père de la citoyenne Lambert, Avec mode texte;bnf.fr;350;30;monographie;99980;28.12.2009 00:00;f35788f7-b6a5-4de7-b7c2-765405a810e5;[{'@xml:lang': 'fre', '#text': 'domaine public'}, {'@xml:lang': 'eng', '#text': 'public domain'}]
Lesage_Gil Blas de Santillane... Édition;ark__12148_bpt6k5772921h;https://gallica.bnf.fr/ark:/12148/bpt6k5772921h;Gil Blas de Santillane... Édition pour la jeunesse, avec introduction par Louis Tarsot,...;Lesage, Alain-René (1668-1747);(Paris);1907;In-4° , III-126 p., fig., Nombre total de vues : 152;français;['Notice d’oeuvre : http://catalogue.bnf.fr/ark:/12148/cb119426464', 'Notice du catalogue : http://catalogue.bnf.fr/ark:/12148/cb30801016c'];Bibliothèque nationale de France, département Littérature et art, 4-Y2-6030;Histoire de Gil Blas de Santillane (français), Contient une table des matières, Avec mode texte;bnf.fr;840;80;monographie;97650;12.01.2010 00:00;0920d0ce-e1ec-4abf-b44e-69cad26a244b;[{'@xml:lang': 'fre', '#text': 'domaine public'}, {'@xml:lang': 'eng', '#text': 'public domain'}]
M_De l'Esprit des loix, ou;ark__12148_bpt6k97615325;https://gallica.bnf.fr/ark:/12148/bpt6k97615325;De l'Esprit des loix, ou Du rapport que les loix doivent avoir avec la constitution de chaque gouvernement, les moeurs, le climat, la religion, le commerce, etc.. Partie 1 ;Montesquieu (1689-1755);Barrillot et fils (Genève);1749;2 parties en 1 vol. (XXIV-326-2-XIV-398 p.) : in-4, Nombre total de vues : 360;français;''[''''Notice d'ensemble : http://catalogue.bnf.fr/ark:/12148/cb309703575'''', 'Notice d’oeuvre : http://catalogue.bnf.fr/ark:/12148/cb120107535', 'Notice du catalogue : http://catalogue.bnf.fr/ark:/12148/cb309703575']'';Bibliothèque nationale de France, département Droit, économie, politique, E*-214;''''''Lesprit des lois (français)'''', Appartient à l’ensemble documentaire : BnPlCo00, Appartient à l’ensemble documentaire : BnPlCo03, Contient une table des matières, Avec mode texte'';bnf.fr;320;30;monographie;9170;03.01.2017 00:00;d304a409-4762-489f-a18f-73c818db01f7;[{'@xml:lang': 'fre', '#text': 'domaine public'}, {'@xml:lang': 'eng', '#text': 'public domain'}]
Marivaux_La vie de Marianne. précédée;ark__12148_bpt6k423605v;https://gallica.bnf.fr/ark:/12148/bpt6k423605v;La vie de Marianne. précédée d'une notice par M. de Lescure. T3 ;Marivaux, Pierre de (1688-1763), Lescure, Adolphe de (1833-1892);(Paris);1882;"3 vol. : frontisp. gr. ; in-16, Nombre total de vues : 290";français;''[''''Notice d'ensemble : http://catalogue.bnf.fr/ark:/12148/cb30886616w'''', 'Notice d’oeuvre : http://catalogue.bnf.fr/ark:/12148/cb120655399', 'Notice du catalogue : http://catalogue.bnf.fr/ark:/12148/cb30886616w']'';Bibliothèque nationale de France, département Littérature et art, 8-Z-1628 (5,3);"La vie de Marianne (français), Collection : Bibliothèque des dames ; 5, Collection : Bibliothèque des dames ; 5, Comprend : Marivaux romancier";bnf.fr;840;80;monographie;96790;03.03.2008 00:00;1e9c41a4-3211-4eb5-80b8-5c4d2b519ec7;[{'@xml:lang': 'fre', '#text': 'domaine public'}, {'@xml:lang': 'eng', '#text': 'public domain'}]
Marivaux_Oeuvres de Marivaux : théâtre;ark__12148_bpt6k101967z;https://gallica.bnf.fr/ark:/12148/bpt6k101967z;Oeuvres de Marivaux : théâtre complet (Nouvelle édition contenant une pièce non encore recueillie) ;Marivaux, Pierre de (1688-1763);Laplace, Sanchez et Cie (Paris);1878;"1 vol. (XLI-623 p.) : pl. en coul. ; gr. in-8, Nombre total de vues : 688";français;Notice du catalogue : http://catalogue.bnf.fr/ark:/12148/cb308863836;Bibliothèque nationale de France, département Littérature et art, 4-Z R Rolland-5583;Appartient à l’ensemble documentaire : Utopie1, Appartient à l’ensemble documentaire : GTextes1, Contient une table des matières;bnf.fr;840;80;monographie;7130;15.10.2007 00:00;d90eaac9-858c-4939-a47a-671c7e2812ba;[{'@xml:lang': 'fre', '#text': 'domaine public'}, {'@xml:lang': 'eng', '#text': 'public domain'}]
Marmontel_Mémoires;ark__12148_bpt6k6241762m;https://gallica.bnf.fr/ark:/12148/bpt6k6241762m;Mémoires ;Marmontel, Jean-François (1723-1799);Firmin Didot frères (Paris);1846;"1 vol. (XI-446 p.) ; in-16, Nombre total de vues : 472";français;['Notice d’oeuvre : http://catalogue.bnf.fr/ark:/12148/cb17883642g', 'Notice du catalogue : http://catalogue.bnf.fr/ark:/12148/cb30887870g'];Bibliothèque nationale de France, département Philosophie, histoire, sciences de l'homme, 8-L45-24 (5);"''Mémoires (français), ''''Collection : Bibliothèque des mémoires relatifs à lhistoire de France, pendant le 18e siècle ; 5'''', ''''Collection : Bibliothèque des mémoires relatifs à lhistoire de France, pendant le 18e siècle ; 5'''', Contient une table des matières, Avec mode texte''";bnf.fr;840;80;monographie;99960;23.07.2012 00:00;52a908ca-d85a-451e-b37a-fbc7e8000b58;[{'@xml:lang': 'fre', '#text': 'domaine public'}, {'@xml:lang': 'eng', '#text': 'public domain'}]
Massillon_Petit carême de M. Massillon,;ark__12148_bpt6k97432875;https://gallica.bnf.fr/ark:/12148/bpt6k97432875;Petit carême de M. Massillon, évêque de Massillon . Imprimé par ordre du Roi pour l'éducation de monseigneur le Dauphin;Massillon, Jean-Baptiste (1663-1742);impr. de Didot laîné (Paris);1789;"6-312 p. ; in-4, Nombre total de vues : 328";français;Notice du catalogue : http://catalogue.bnf.fr/ark:/12148/cb309033145;Bibliothèque nationale de France, département Littérature et art, CNLJT-3505;Collection : Collection des auteurs classiques françois et latins, Appartient à l’ensemble documentaire : UnivJeun0, Contient une table des matières, Avec mode texte;bnf.fr;200;20;monographie;99080;12.09.2016 00:00;fd19eff8-fecc-4720-8d03-ee23715a982f;[{'@xml:lang': 'fre', '#text': 'domaine public'}, {'@xml:lang': 'eng', '#text': 'public domain'}]
Massillon_Sermons de M. Massillon, evêque;ark__12148_bpt6k9664792t;https://gallica.bnf.fr/ark:/12148/bpt6k9664792t;Sermons de M. Massillon, evêque de Clermont, ci-devant prêtre de l'Oratoire, l'un des quarante de l'Académie françoise..... CAREME,3;Massillon, Jean-Baptiste (1663-1742);A Paris, rue S. Jacques, chez la veuve Estienne & fils, à la Vertu. Et Jean Herissant, à S. Paul & à S. Hilaire. M. DCC. XLV. Avec approbation & privilege du Roi;1745;"9 t. (4-XXVIII-4-358 ; 4-610-2 ; ... ; 4-578 ; 4-674 ; 4-616 ; 8-536 ; 8-504 ; VI-2-583 p.) ; in-12, Nombre total de vues : 696";français;''[''''Notice d'ensemble : http://catalogue.bnf.fr/ark:/12148/cb30903295q'''', 'Notice du catalogue : http://catalogue.bnf.fr/ark:/12148/cb30903295q']'';Bibliothèque nationale de France, département Philosophie, histoire, sciences de l'homme, D-15934 (CAREME,3);Appartient à l’ensemble documentaire : GTextes1, Appartient à l’ensemble documentaire : BnPlCo00, Appartient à l’ensemble documentaire : BnPlCo03, Contient une table des matières, Avec mode texte;bnf.fr;200;20;monographie;98720;04.04.2016 00:00;a046ee10-ccd3-4684-ac83-bec6fe08c9d1;[{'@xml:lang': 'fre', '#text': 'domaine public'}, {'@xml:lang': 'eng', '#text': 'public domain'}]
Mercier_Satires contre les astronomes;ark__12148_bpt6k5725055r;https://gallica.bnf.fr/ark:/12148/bpt6k5725055r;Satires contre les astronomes;Mercier, Louis-Sébastien (1740-1814);A Paris, chez Terrelonge, libraire, rue des Petits-Augustins, près le Musée national. An XI - 1803;1803;"22 p. ; in-16, Nombre total de vues : 28";français;Notice du catalogue : http://catalogue.bnf.fr/ark:/12148/cb30928677h;Bibliothèque nationale de France, département Littérature et art, YE-27636;Avec mode texte;bnf.fr;840;80;monographie;91560;21.09.2009 00:00;3f31f447-dac7-46ae-880f-c85a5c4b4d8d;[{'@xml:lang': 'fre', '#text': 'domaine public'}, {'@xml:lang': 'eng', '#text': 'public domain'}]
Mercier_Tableau de Paris. Tome 2;ark__12148_bpt6k3043407w;https://gallica.bnf.fr/ark:/12148/bpt6k3043407w;Tableau de Paris. Tome 2 ;Mercier, Louis-Sébastien (1740-1814);Virchaux (Hambourg), S. Fauche (Neufchâtel);1781;"2 t. (XIV-300-4, 269 p.) ; in-8, Nombre total de vues : 292";français;''[''''Notice d'ensemble : http://catalogue.bnf.fr/ark:/12148/cb43661565c'''', 'Notice d’oeuvre : http://catalogue.bnf.fr/ark:/12148/cb12300594h', 'Notice du catalogue : http://catalogue.bnf.fr/ark:/12148/cb43661565c']'';Bibliothèque nationale de France, département Philosophie, histoire, sciences de l'homme, 8-LI3-52 (2);Tableau de Paris (français), Avec mode texte;bnf.fr;390;30;monographie;67330;10.03.2019 00:00;4b934de1-60ea-447e-b93a-893e78b12b2d;[{'@xml:lang': 'fre', '#text': 'domaine public'}, {'@xml:lang': 'eng', '#text': 'public domain'}]
Mirabeau_La mission secrète de Mirabeau;ark__12148_bpt6k1411997;https://gallica.bnf.fr/ark:/12148/bpt6k1411997;La mission secrète de Mirabeau à Berlin, 1786-1787 : d'après les documents originaux des archives des affaires étrangères ;Mirabeau, Honoré-Gabriel Riquetti comte de (1749-1791);E. Plon, Nourrit et Cie (Paris);1900;"1 vol. (522 p.) ; in-8, Nombre total de vues : 530";français;Notice du catalogue : http://catalogue.bnf.fr/ark:/12148/cb340802709;Bibliothèque nationale de France, département Philosophie, histoire, sciences de l'homme, 8-LG2-120;Appartient à l’ensemble documentaire : MAEDIGen0, Appartient à l’ensemble documentaire : MAEDI010, Appartient à l’ensemble documentaire : MAEDI003, Appartient à l’ensemble documentaire : MAEDI009, Avec mode texte;bnf.fr;940;90;monographie;99820;25.01.2016 00:00;fd8f69a6-6c74-4301-88e2-15b216ec6e29;[{'@xml:lang': 'fre', '#text': 'domaine public'}, {'@xml:lang': 'eng', '#text': 'public domain'}]
Mirabeau_Lettres de Mirabeau a Chamfort;ark__12148_bpt6k96088453;https://gallica.bnf.fr/ark:/12148/bpt6k96088453;"Lettres de Mirabeau a Chamfort , imprimées sur les originaux ecrits de la main de Mirabeau, et suivies d'une traduction de la dissertation allemande sur les causes de l'universalité de la langue française, qui a partagé le prix de l'Académie de Berlin ; traduction attribuée à Mirabeau et imprimée sur le manuscrit corrigé de sa main.";Mirabeau, Honoré-Gabriel Riquetti comte de (1749-1791);A Paris. Chez le directeur de la Décade philosophique, rue Thérèse, butte des Moulins. An V. de la République française 1796-1797.;1796-1797;"4-142-2 p. ; in-8, Nombre total de vues : 164";français;Notice du catalogue : http://catalogue.bnf.fr/ark:/12148/cb30951878b;Bibliothèque nationale de France, département Littérature et art, Z-15457;Contient une table des matières, Avec mode texte;bnf.fr;800;80;monographie;9500;14.09.2015 00:00;e357d14f-1a57-4a33-aaee-c65d071a28de;[{'@xml:lang': 'fre', '#text': 'domaine public'}, {'@xml:lang': 'eng', '#text': 'public domain'}]
Mirabeau_Lettres inédites de Mirabeau .;ark__12148_bpt6k6479429r;https://gallica.bnf.fr/ark:/12148/bpt6k6479429r;Lettres inédites de Mirabeau . Mémoires et extraits de mémoires, écrits en 1781, 1782 et 1783, dans le cours de ses procès de Pontarlier... et de Provence... le tout faisant suite aux Lettres écrites du donjon de Vincennes, depuis 1777 jusqu'à 1780... publié par J.-F. Vitry,...;Mirabeau, Honoré-Gabriel Riquetti comte de (1749-1791);Lenormant (Paris);1806;"XII-484 p. ; in-8, Nombre total de vues : 504";français;Notice du catalogue : http://catalogue.bnf.fr/ark:/12148/cb30951915q;Bibliothèque nationale de France, département Littérature et art, Z-55303;Appartient à l’ensemble documentaire : PACA1, Appartient à l’ensemble documentaire : FrancComt1, Contient une table des matières, Avec mode texte;bnf.fr;800;80;monographie;99960;21.02.2013 00:00;d86610a1-00de-4ed3-8667-37c1d3758d82;[{'@xml:lang': 'fre', '#text': 'domaine public'}, {'@xml:lang': 'eng', '#text': 'public domain'}]
Mirabeau_Sur la liberté de la;ark__12148_bpt6k5832470d;https://gallica.bnf.fr/ark:/12148/bpt6k5832470d;Sur la liberté de la presse, imité de l'anglois de Milton , par le Cte de Mirabeau...;Mirabeau, Honoré-Gabriel Riquetti comte de (1749-1791);s.n. (Londres);1788;"66 p. ; in-8, Nombre total de vues : 69";français;Notice du catalogue : http://catalogue.bnf.fr/ark:/12148/cb30951850z;Bibliothèque nationale de France, département Droit, économie, politique, E*-4880;Avec mode texte;bnf.fr;80;0;monographie;84860;17.05.2010 00:00;9d89ca29-c9ff-4901-9071-1c732f2f2fdb;[{'@xml:lang': 'fre', '#text': 'domaine public'}, {'@xml:lang': 'eng', '#text': 'public domain'}]
Mirabeau_Travail sur l'éducation publique, trouvé;ark__12148_bpt6k3043876h;https://gallica.bnf.fr/ark:/12148/bpt6k3043876h;"Travail sur l'éducation publique, trouvé dans les papiers de Mirabeau l'aîné ; publié par P. J. G. Cabanis,...";Mirabeau, Honoré-Gabriel Riquetti comte de (1749-1791);Impr. nationale (Paris);1791;"206 p. ; in-8, Nombre total de vues : 206";français;Notice du catalogue : http://catalogue.bnf.fr/ark:/12148/cb30951867p;Bibliothèque nationale de France, département Philosophie, histoire, sciences de l'homme, R-44018;Avec mode texte;bnf.fr;370;30;monographie;87770;17.03.2019 00:00;8eb1dc3b-39b4-497e-94bd-810ef8caded9;[{'@xml:lang': 'fre', '#text': 'domaine public'}, {'@xml:lang': 'eng', '#text': 'public domain'}]
Molière (1622-1673)_Oeuvres complètes de Molière :;ark__12148_bpt6k5720917m;https://gallica.bnf.fr/ark:/12148/bpt6k5720917m;Oeuvres complètes de Molière : accompagnées de notes tirées de tous les commentateurs avec de remarques nouvelles (Nouvelle édition) ;Molière (1622-1673), Voltaire (1694-1778), La Harpe, Jean François de (1739-1803), Auger, Louis-Simon (1772-1829);Garnier frères (Paris);1884;"3 vol. (XXXVI-496, 557, 502 p.) ; 19 cm, Nombre total de vues : 510";français;Notice du catalogue : http://catalogue.bnf.fr/ark:/12148/cb40142201v;Bibliothèque nationale de France, département Littérature et art, 8-YF-144 (3);"Comprend : Vie de Molière ; Molière et la comédie ; Extraits du Discours sur la comédie, Contient une table des matières, Avec mode texte";bnf.fr;800;80;monographie;99980;05.10.2009 00:00;09a0d0db-b4f9-4d3f-943a-b9fca6456dc0;[{'@xml:lang': 'fre', '#text': 'domaine public'}, {'@xml:lang': 'eng', '#text': 'public domain'}]
Montesquieu (1689-1755)_Lettres persanes, de Montesquieu, précédées;ark__12148_bpt6k6334100b;https://gallica.bnf.fr/ark:/12148/bpt6k6334100b;Lettres persanes, de Montesquieu, précédées de son Éloge, par d'Alembert;Montesquieu (1689-1755), Alembert, D (1717-1783)];(Paris);1828;In-8° , XXXIX-411 p., Nombre total de vues : 474;français;['Notice d’oeuvre : http://catalogue.bnf.fr/ark:/12148/cb119437548', 'Notice du catalogue : http://catalogue.bnf.fr/ark:/12148/cb309704323'];Bibliothèque nationale de France, département Littérature et art, Z-15251;Lettres persanes (français), Comprend : Éloge de Montesquieu, Contient une table des matières, Avec mode texte;bnf.fr;800;80;monographie;99960;24.10.2012 00:00;a2ced414-7bca-4c97-a688-9f2c5ca1325c;[{'@xml:lang': 'fre', '#text': 'domaine public'}, {'@xml:lang': 'eng', '#text': 'public domain'}]
Montvaillant_Florian : sa vie, ses;ark__12148_bpt6k6493553f;https://gallica.bnf.fr/ark:/12148/bpt6k6493553f;Florian : sa vie, ses oeuvres, sa correspondance ;Montvaillant, Albin de (1830-1895);E. Dentu (Paris);1879;"1 vol. (228 p.) : portraits ; in-8, Nombre total de vues : 254";français;Notice du catalogue : http://catalogue.bnf.fr/ark:/12148/cb30973844x;Bibliothèque nationale de France, département Philosophie, histoire, sciences de l'homme, 8-LN27-31142;Contient une table des matières, Avec mode texte;bnf.fr;920;90;monographie;99960;13.05.2013 00:00;440903d9-ef98-4598-98b4-1e0b115db81f;[{'@xml:lang': 'fre', '#text': 'domaine public'}, {'@xml:lang': 'eng', '#text': 'public domain'}]
Necker_Nouveaux mélanges extraits des manuscrits;ark__12148_bd6t53773653;https://gallica.bnf.fr/ark:/12148/bd6t53773653;Nouveaux mélanges extraits des manuscrits de M.me Necker. Tome 1 ;Necker, Suzanne (1737-1794);Paris, Charles Pougens, imprimeur-libraire, quai Voltaire, N.° 10. Genets, libraire, rue Thionville, N.° 5. An X. - 1801;1801;"2 vol. (3-1 bl.-XVIII-341-1-1 bl. p., 3-1 bl.-318-1 p., portrait gr. sur cuivre en regard du titre) ; in-8, Nombre total de vues : 362";français;''[''''Notice d'ensemble : http://catalogue.bnf.fr/ark:/12148/cb31007398k'''', 'Notice du catalogue : http://catalogue.bnf.fr/ark:/12148/cb31007398k']'';Bibliothèque nationale de France, département Littérature et art, Z-56076;Avec mode texte;bnf.fr;890;80;monographie;87780;01.07.2022 00:00;da695f60-133c-40b0-8ba7-b3cbedda2fbc;[{'@xml:lang': 'fre', '#text': 'domaine public'}, {'@xml:lang': 'eng', '#text': 'public domain'}]
Parny_La guerre des dieux, poème;ark__12148_bpt6k71917v;https://gallica.bnf.fr/ark:/12148/bpt6k71917v;La guerre des dieux, poème en dix chants , par Évariste Parny.;Parny, Évariste de (1753-1814);A Paris, chez Debray, libraire, au Grand-Buffon, rue S.-Honoré, barrière des Sergens. M. DCCCVIII. 1808;1808;"232 p. ; in-8, Nombre total de vues : 234";français;''[''''Notice d'ensemble : http://catalogue.bnf.fr/ark:/12148/cb310613135'''', 'Notice du catalogue : http://catalogue.bnf.fr/ark:/12148/cb310613135']'';Bibliothèque nationale de France, département Fonds du service reproduction, Rés. Ye-2539;Contient une table des matières, Poésie française -- +* 1789......- 1815......+:1789-1815:;bnf.fr;840;80;monographie;86390;15.10.2007 00:00;bbb65d1c-235d-40b4-8988-29845eb59b4b;[{'@xml:lang': 'fre', '#text': 'domaine public'}, {'@xml:lang': 'eng', '#text': 'public domain'}]
Polier de Bottens_Pensées philosophiques [par D. Diderot].;ark__12148_bpt6k9633211h;https://gallica.bnf.fr/ark:/12148/bpt6k9633211h;Pensées philosophiques [par D. Diderot]. - Pensées chrétiennes mises en parallèle ou en opposition avec les pensées philosophiques. On y a joint quelques réflexions d'un autre auteur sur ces dernières. [Par G.-P.-G. Polier de Bottens.];Polier de Bottens, Georges-Pierre-G.. , Diderot, Denis (1713-1784);aux dépens de la Compagnie (Rouen);1747;In-12, 251 p. et les tables, Nombre total de vues : 284;français;Notice du catalogue : http://catalogue.bnf.fr/ark:/12148/cb31130585w;Bibliothèque nationale de France, département Philosophie, histoire, sciences de l'homme, R-18012;Contient une table des matières, Avec mode texte;bnf.fr;190;10;monographie;96870;11.01.2016 00:00;eb3c6e1d-31b8-446a-8984-340355fe210e;[{'@xml:lang': 'fre', '#text': 'domaine public'}, {'@xml:lang': 'eng', '#text': 'public domain'}]
Raynal_Correspondance littéraire, philosophique et critique.;ark__12148_bpt6k57813823;https://gallica.bnf.fr/ark:/12148/bpt6k57813823;Correspondance littéraire, philosophique et critique. Tome 7 ;Raynal, Guillaume-Thomas (1713-1796), Grimm, Friedrich Melchior (1723-1807), Voltaire (1694-1778);Garnier frères (Paris);1877-1882;"16 vol. : portr., fac-sim. ; in-8";français;''[''''Notice d'ensemble : http://catalogue.bnf.fr/ark:/12148/cb311827671'''', 'Notice d’oeuvre : http://catalogue.bnf.fr/ark:/12148/cb12331718t', 'Notice du catalogue : http://catalogue.bnf.fr/ark:/12148/cb311827671']'';Bibliothèque nationale de France, département Littérature et art, 8-Z-743 (7);La correspondance littéraire (français), Appartient à l’ensemble documentaire : GTextes1;bnf.fr;800;80;monographie;99980;19.04.2010 00:00;f2bcbcf1-7cf7-4871-8b83-afa6c8c53492;[{'@xml:lang': 'fre', '#text': 'domaine public'}, {'@xml:lang': 'eng', '#text': 'public domain'}]
Rétif de La Bretonne_L'Andrographe ou Idées d'un honnête;ark__12148_bpt6k6438356w;https://gallica.bnf.fr/ark:/12148/bpt6k6438356w;L'Andrographe ou Idées d'un honnête homme sur un projet de règlement proposé à toutes les nations de l'Europe pour opérer une réforme générale des moeurs et, par elle, le bonheur du genre humain . Avec des notes historiques et justificatives. Recueillies par N.-E. Rétif-de-la-Bretone,... 1re partie [et 2ème partie.];Rétif de La Bretonne, Nicolas-Edme (1734-1806);Gosse et Pinet (La Haye), Vve Duchesne et Belin (Paris);1782;"16-476 p. ; in-8, Nombre total de vues : 520";français;Notice du catalogue : http://catalogue.bnf.fr/ark:/12148/cb325659860;Bibliothèque nationale de France, département Philosophie, histoire, sciences de l'homme, 8-Z LE SENNE-6375;Contient une table des matières, Avec mode texte;bnf.fr;840;80;monographie;9850;24.12.2012 00:00;f9c0913f-ed9a-4641-b025-4053838273aa;[{'@xml:lang': 'fre', '#text': 'domaine public'}, {'@xml:lang': 'eng', '#text': 'public domain'}]
Rétif De La Bretonne_Le Chroniqueur populaire, épisodes de;ark__12148_bpt6k5625731h;https://gallica.bnf.fr/ark:/12148/bpt6k5625731h;Le Chroniqueur populaire, épisodes de l'armée d'Italie, par L. Rétif de La Bretonne...;Rétif De La Bretonne, Louis. ;Delacour (Vaugirard);;In-8°, Nombre total de vues : 570;français;Notice du catalogue : http://catalogue.bnf.fr/ark:/12148/cb31200540g;Bibliothèque nationale de France, département Littérature et art, Y2-76071;Avec mode texte;bnf.fr;9440;90;monographie;96620;09.11.2009 00:00;7f0ea234-232d-4002-b0f4-5fc969a99f07;[{'@xml:lang': 'fre', '#text': 'domaine public'}, {'@xml:lang': 'eng', '#text': 'public domain'}]
Rivarol_Au commencement de la Révolution;ark__12148_bpt6k9912w;https://gallica.bnf.fr/ark:/12148/bpt6k9912w;Au commencement de la Révolution : mémoires ;Rivarol, Antoine de (1753-1801);(Paris);1988;"1 vol. (XVI-386 p.) ; 21 cm, Nombre total de vues : 410";français;Notice du catalogue : http://catalogue.bnf.fr/ark:/12148/cb372367538;Bibliothèque nationale de France;Autobiographie;bnf.fr;9440;90;monographie;99180;15.10.2007 00:00;95b8fd74-ff78-40b9-9404-9c5988d83ad4;[{'@xml:lang': 'fre', '#text': 'domaine public'}, {'@xml:lang': 'eng', '#text': 'public domain'}]
"Rivarol_Pensées inédites de Rivarol ;";ark__12148_bpt6k63676210;https://gallica.bnf.fr/ark:/12148/bpt6k63676210;"Pensées inédites de Rivarol ; suivies de deux Discours sur la philosophie moderne et sur la souveraineté du peuple";Rivarol, Antoine de (1753-1801);impr. de J.-A. Boudon (Paris);1836;"1 vol. (XV-237 p.) ; in-8, Nombre total de vues : 270";français;Notice du catalogue : http://catalogue.bnf.fr/ark:/12148/cb31222129r;Bibliothèque nationale de France, département Littérature et art, Z-24391;Contient une table des matières, Avec mode texte;bnf.fr;800;80;monographie;99960;10.12.2012 00:00;d0c395bf-d20d-4d10-a8dc-5363d8d72e7b;[{'@xml:lang': 'fre', '#text': 'domaine public'}, {'@xml:lang': 'eng', '#text': 'public domain'}]
Roucher_Consolations de ma captivité, ou;ark__12148_bpt6k6471679v;https://gallica.bnf.fr/ark:/12148/bpt6k6471679v;Consolations de ma captivité, ou Correspondance de Roucher, mort victime de la tyrannie décemvirale, le 7 thermidor, an 2 de la République française . Premiere [-seconde] partie.;Roucher, Jean-Antoine (1745-1794);A Paris, chez H. Agasse, imprimeur-libraire, rue des Poitevins, n°. 18. An VI de la République. (1797.);1797;"2 parties (4-302 p., 1 f. de pl. (portrait) ; 4-301 p.) ; in-8, Nombre total de vues : 622";français;Notice du catalogue : http://catalogue.bnf.fr/ark:/12148/cb341801330;Bibliothèque nationale de France, département Philosophie, histoire, sciences de l'homme, 8-Z LE SENNE-11270;Avec mode texte;bnf.fr;9440;90;monographie;99930;21.02.2013 00:00;5ccde6d7-37b7-4512-9d94-bb5f8a259d78;[{'@xml:lang': 'fre', '#text': 'domaine public'}, {'@xml:lang': 'eng', '#text': 'public domain'}]
Rousseau_Le contrat social;ark__12148_bpt6k6251938x;https://gallica.bnf.fr/ark:/12148/bpt6k6251938x;Le contrat social ;Rousseau, Jean-Jacques (1712-1778);s.n. (Paris);1851;"24 p. : portr. et fig. ; in-fol., Nombre total de vues : 524";français;['Notice d’oeuvre : http://catalogue.bnf.fr/ark:/12148/cb12026984n', 'Notice du catalogue : http://catalogue.bnf.fr/ark:/12148/cb31257373m'];Bibliothèque nationale de France, département Littérature et art, Z-7819;Du contrat social (français), Collection : Bibliothèque du peuple, Contient une table des matières, Avec mode texte;bnf.fr;840;80;monographie;9850;17.12.2012 00:00;64f82a76-300f-457b-aed2-5d8d8ed95005;[{'@xml:lang': 'fre', '#text': 'domaine public'}, {'@xml:lang': 'eng', '#text': 'public domain'}]
Rousseau_Lettre à M. Grimm, au;ark__12148_bpt6k857224k;https://gallica.bnf.fr/ark:/12148/bpt6k857224k;Lettre à M. Grimm, au sujet des remarques ajoutées à sa lettre sur Omphale. [Par J.-J. Rousseau.];Rousseau, Jean-Jacques (1712-1778);;1752;In-8° , 29 p. (Dufour, n 30.), Nombre total de vues : 39;français;Notice du catalogue : http://catalogue.bnf.fr/ark:/12148/cb31257545x;Bibliothèque nationale de France, département Littérature et art, V-25320;Avec mode texte;bnf.fr;;;monographie;81660;26.01.2015 00:00;5a61890b-f3a5-4507-a9ca-3d04c5e4f874;[{'@xml:lang': 'fre', '#text': 'domaine public'}, {'@xml:lang': 'eng', '#text': 'public domain'}]
Rousseau_Oeuvres complètes de J.-J. Rousseau,;ark__12148_bpt6k14111870;https://gallica.bnf.fr/ark:/12148/bpt6k14111870;Oeuvres complètes de J.-J. Rousseau, avec des notes historiques [d'après Petitain et Musset-Pathay];Rousseau, Jean-Jacques (1712-1778);A. Houssiaux (et Furne) (Paris);1846-1852;''''''Gr. in-8° , portrait daprès Hopwood. (Dufour, nos 428-429)'''', Nombre total de vues : 814'';français;Notice du catalogue : http://catalogue.bnf.fr/ark:/12148/cb312571314;Bibliothèque nationale de France, département Littérature et art, Z-9997;Avec mode texte;bnf.fr;;;monographie;88140;29.08.2016 00:00;26905b5a-cc97-41dd-8a73-bb469fa9ea50;[{'@xml:lang': 'fre', '#text': 'domaine public'}, {'@xml:lang': 'eng', '#text': 'public domain'}]
Rousseau_Oeuvres complètes de J.-J. Rousseau.;ark__12148_bpt6k2069932;https://gallica.bnf.fr/ark:/12148/bpt6k2069932;Oeuvres complètes de J.-J. Rousseau. IV. Dialogues. Correspondance. Table ;Rousseau, Jean-Jacques (1712-1778);A. Houssiaux (Paris);1852-1853;"4 vol. : portr., fac-sim., gravures ; 27 cm";français;''[''''Notice d'ensemble : http://catalogue.bnf.fr/ark:/12148/cb39019420q'''', 'Notice du catalogue : http://catalogue.bnf.fr/ark:/12148/cb39019420q']'';Bibliothèque nationale de France;Appartient à l’ensemble documentaire : GTextes1;bnf.fr;840;80;monographie;99620;15.10.2007 00:00;c0648b2a-4e62-4554-a357-6dbcbee8dba0;[{'@xml:lang': 'fre', '#text': 'domaine public'}, {'@xml:lang': 'eng', '#text': 'public domain'}]
Rousseau_Troisième partie des confessions de;ark__12148_bpt6k6351384b;https://gallica.bnf.fr/ark:/12148/bpt6k6351384b;Troisième partie des confessions de Jean-Jacques Rousseau ;Rousseau, Jean-Jacques (1712-1778);(Clermont-Ferrand);1865;In-18, Pièce, Nombre total de vues : 44;français;Notice du catalogue : http://catalogue.bnf.fr/ark:/12148/cb34180418x;Bibliothèque nationale de France, département Philosophie, histoire, sciences de l'homme, 8-LN27-22634;Appartient à l’ensemble documentaire : Auvergn1, Avec mode texte, Autobiographie;bnf.fr;920;90;monographie;9850;24.10.2012 00:00;aa8da66b-aa37-4b53-91a0-5e813acea826;[{'@xml:lang': 'fre', '#text': 'domaine public'}, {'@xml:lang': 'eng', '#text': 'public domain'}]
Sade_Idée sur le mode de;ark__12148_bpt6k54400944;https://gallica.bnf.fr/ark:/12148/bpt6k54400944;Idée sur le mode de la sanction des loix;Sade, Donatien Alphonse François de (1740-1814);(Paris);17..;"16 p. ; in-16, Nombre total de vues : 20";français;Notice du catalogue : http://catalogue.bnf.fr/ark:/12148/cb31276032c;Bibliothèque nationale de France, département Philosophie, histoire, sciences de l'homme, 8-LB41-2400;Avec mode texte;bnf.fr;340;30;monographie;90510;19.09.2008 00:00;644747b0-8409-412c-93fd-09a94f7f4871;[{'@xml:lang': 'fre', '#text': 'domaine public'}, {'@xml:lang': 'eng', '#text': 'public domain'}]
Saint-Simon_Mémoires complets et authentiques du;ark__12148_bpt6k5830127r;https://gallica.bnf.fr/ark:/12148/bpt6k5830127r;Mémoires complets et authentiques du duc de Saint-Simon sur le siècle de Louis XIV et la Régence. Illustrés par Janet-Lange, Foulquier et Pauquet. Série 31,Partie 3;Saint-Simon, Louis de Rouvroy duc de (1675-1755);(Paris);;5 séries en 5 vol. in-fol., fig., couv. ill.;français;''[''''Notice d'ensemble : http://catalogue.bnf.fr/ark:/12148/cb31285310v'''', 'Notice d’oeuvre : http://catalogue.bnf.fr/ark:/12148/cb11946624s', 'Notice du catalogue : http://catalogue.bnf.fr/ark:/12148/cb31285310v']'';Bibliothèque nationale de France, département Littérature et art, Z-9696;Mémoires (français);bnf.fr;;;monographie;95810;12.04.2010 00:00;3590983d-5a73-48ca-a315-fcee1ff39bf9;[{'@xml:lang': 'fre', '#text': 'domaine public'}, {'@xml:lang': 'eng', '#text': 'public domain'}]
Sayous_Le dix-huitième siècle à l'étranger;ark__12148_bpt6k96917771;https://gallica.bnf.fr/ark:/12148/bpt6k96917771;Le dix-huitième siècle à l'étranger : histoire de la littérature française dans les divers pays de l'Europe, depuis la mort de Louis XIV jusqu'à la Révolution française. Tome 1 ;Sayous, André (1808-1870), Voltaire (1694-1778);Amyot (Paris);1861;"2 vol. (VIII-470, 534 p.) ; in-8, Nombre total de vues : 492";français;''[''''Notice d'ensemble : http://catalogue.bnf.fr/ark:/12148/cb31307544q'''', 'Notice du catalogue : http://catalogue.bnf.fr/ark:/12148/cb31307544q']'';Bibliothèque nationale de France, département Littérature et art, Z-59771;Comprend : Lettres à Théodore Tronchin, 2 août 1755, 22 juin 1764 et un billet non daté., Contient une table des matières, Avec mode texte;bnf.fr;800;80;monographie;98930;19.06.2016 00:00;5864fa87-87fc-4be8-9778-0fe15aeac6d2;[{'@xml:lang': 'fre', '#text': 'domaine public'}, {'@xml:lang': 'eng', '#text': 'public domain'}]
Séguin_Jacob Rodrigues Péreire, premier instituteur;ark__12148_bpt6k57803124;https://gallica.bnf.fr/ark:/12148/bpt6k57803124;Jacob Rodrigues Péreire, premier instituteur des sourds et muets en France (1744-1780)... : notice sur sa vie et ses travaux, et analyse raisonnée de sa méthode;Séguin, Édouard (1812-1880), Buffon, Georges-Louis Leclerc comte de (1707-1788);(Paris);1847;"355 p. ; in-8, Nombre total de vues : 366";français;Notice du catalogue : http://catalogue.bnf.fr/ark:/12148/cb30174312s;Bibliothèque nationale de France, département Philosophie, histoire, sciences de l'homme, 8-LN27-16036;Comprend : Éloge de la méthode (de Jacob Rodrigues Péreire), Contient une table des matières, Avec mode texte;bnf.fr;10;0;monographie;99980;30.11.2009 00:00;6ba25eeb-fbf4-45c6-bc9f-abd798255dcb;[{'@xml:lang': 'fre', '#text': 'domaine public'}, {'@xml:lang': 'eng', '#text': 'public domain'}]
Swinburne_Voyage de Henri Swinburne dans;ark__12148_bpt6k1072649;https://gallica.bnf.fr/ark:/12148/bpt6k1072649;Voyage de Henri Swinburne dans les Deux Siciles, en 1777, 1778, 1779 et 1780. T. 3 ;Swinburne, Henry (1743-1803), Cabanis, de. , Denon, Dominique-Vivant (1747-1825);Didot laîné (Paris);1785-1787;"5 vol. : pl. et carte ; in-8";français;''[''''Notice d'ensemble : http://catalogue.bnf.fr/ark:/12148/cb303251103'''', 'Notice du catalogue : http://catalogue.bnf.fr/ark:/12148/cb303251103']'';Bibliothèque nationale de France, département Philosophie, histoire, sciences de l'homme, K-8438;"Comprend : Recherches sur la Grande Grèce ; Voyage en Sicile, Ouvrages avant 1800";bnf.fr;910;90;monographie;97240;15.10.2007 00:00;a57645c6-7cac-4ed3-83ee-43358869afb9;[{'@xml:lang': 'fre', '#text': 'domaine public'}, {'@xml:lang': 'eng', '#text': 'public domain'}]
Tressan_Oeuvres diverses de M. le;ark__12148_bpt6k9692289t;https://gallica.bnf.fr/ark:/12148/bpt6k9692289t;Oeuvres diverses de M. le comte de Tressan,...;"Tressan, Louis-Élisabeth de La Vergne (1705-1783 ; comte de)";(À Amsterdam et se trouve à Paris);1776;"VIII-476 p. ; in-8, Nombre total de vues : 496";français;Notice du catalogue : http://catalogue.bnf.fr/ark:/12148/cb314935334;Bibliothèque nationale de France, département Littérature et art, Z-29026;Contient une table des matières, Avec mode texte;bnf.fr;800;80;monographie;9500;13.06.2016 00:00;39a7c4ae-6141-4446-aa1c-405a0d362af5;[{'@xml:lang': 'fre', '#text': 'domaine public'}, {'@xml:lang': 'eng', '#text': 'public domain'}]
Turpin de Sansay_Voltaire : (sa vie, ses;ark__12148_bpt6k6350811v;https://gallica.bnf.fr/ark:/12148/bpt6k6350811v;Voltaire : (sa vie, ses oeuvres) ;Turpin de Sansay, Louis-Adolphe (1832-18..?), Voltaire (1694-1778), Voltaire (1694-1778);E. Dentu (Paris);1867;"1 vol. (173 p.) ; in-18, Nombre total de vues : 198";français;Notice du catalogue : http://catalogue.bnf.fr/ark:/12148/cb315068063;Bibliothèque nationale de France, département Philosophie, histoire, sciences de l'homme, 8-LN27-22981;"''''''Comprend : Éloge de Voltaire composé par lui-même (Aux Champs-Élysées, le 30 auguste 1778) ; A messieurs de lAcadémie française'''', Avec mode texte''";bnf.fr;920;90;monographie;99960;29.10.2012 00:00;68bec5e9-15c3-4806-80db-45d59e187a67;[{'@xml:lang': 'fre', '#text': 'domaine public'}, {'@xml:lang': 'eng', '#text': 'public domain'}]
V_Histoire de Charles XII, roi;ark__12148_bpt6k371335d;https://gallica.bnf.fr/ark:/12148/bpt6k371335d;Histoire de Charles XII, roi de Suède ;Voltaire (1694-1778);(Paris);1860;"XXXVI-320 p. ; in-12, Nombre total de vues : 359";français;Notice du catalogue : http://catalogue.bnf.fr/ark:/12148/cb316046156;Bibliothèque nationale de France, département Philosophie, histoire, sciences de l'homme, 8-M-1748;Avec mode texte;bnf.fr;930;90;monographie;99810;16.08.2010 00:00;96232187-4920-4fcd-844e-e55f17de4021;[{'@xml:lang': 'fre', '#text': 'domaine public'}, {'@xml:lang': 'eng', '#text': 'public domain'}]
V_Nouveaux Mélanges philosophiques, historiques, critiques,;ark__12148_bpt6k3172927;https://gallica.bnf.fr/ark:/12148/bpt6k3172927;Nouveaux Mélanges philosophiques, historiques, critiques, etc., etc. Neuvième [-Dix-neuvième] partie [Partie 14-19];Voltaire (1694-1778);;1772;In-8°, Nombre total de vues : 413;français;Notice du catalogue : http://catalogue.bnf.fr/ark:/12148/cb31602338j;Bibliothèque nationale de France, département Littérature et art, Z-24773;Etat de collection : Vol. 10, Avec mode texte;bnf.fr;;;monographie;84390;11.07.2017 00:00;2486cca0-194b-4261-ac30-00b37efaf783;[{'@xml:lang': 'fre', '#text': 'domaine public'}, {'@xml:lang': 'eng', '#text': 'public domain'}]
Voltaire (1694-1778)_Le chapitre des beaux-arts du;ark__12148_bpt6k96133757;https://gallica.bnf.fr/ark:/12148/bpt6k96133757;Le chapitre des beaux-arts du siècle de Louis XIV de Voltaire : édition classique. précédée d'une étude sur Voltaire critique littéraire (Edition expurgée) ;Voltaire (1694-1778), Joran, Théodore (1858-19..);Croville-Morant (Paris);1906;"1 vol. (103 p.) ; in-8, Nombre total de vues : 124";français;Notice du catalogue : http://catalogue.bnf.fr/ark:/12148/cb31604806s;Bibliothèque nationale de France, département Littérature et art, 8-Z-16715;Comprend : Voltaire critique littéraire, Avec mode texte;bnf.fr;840;80;monographie;98890;09.11.2015 00:00;b7fef0d9-4149-4ce0-a527-d8763b48a32b;[{'@xml:lang': 'fre', '#text': 'domaine public'}, {'@xml:lang': 'eng', '#text': 'public domain'}]
Voltaire (1694-1778)_Lettres chinoises, indiennes et tartares;ark__12148_bpt6k123126r;https://gallica.bnf.fr/ark:/12148/bpt6k123126r;Lettres chinoises, indiennes et tartares à Monsieur Paw , par un bénédictin, avec plusieurs autres pièces intéressantes;Voltaire (1694-1778), Boufflers, Stanislas-Jean de (1738-1815);(Londres Amsterdam);1776;"184 p. ; in-8, Nombre total de vues : 399";français;''[''''Notice d'ensemble : http://catalogue.bnf.fr/ark:/12148/cb31605411h'''', 'Notice du catalogue : http://catalogue.bnf.fr/ark:/12148/cb31605411h']'';Bibliothèque nationale de France, département Littérature et art, Z-15570-15572;Comprend : Lettres de M. le chevalier de Boufflers, pendant son voyage en Suisse, à madame sa mère, avec des notes, Avec mode texte;bnf.fr;840;80;monographie;90160;02.10.2008 00:00;ff909c28-709b-4ee5-a1b0-797b0e0262bf;[{'@xml:lang': 'fre', '#text': 'domaine public'}, {'@xml:lang': 'eng', '#text': 'public domain'}]
Voltaire (1694-1778)_Mon séjour auprès de Voltaire;ark__12148_bpt6k58417512;https://gallica.bnf.fr/ark:/12148/bpt6k58417512;Mon séjour auprès de Voltaire et lettres inédites que m'écrivit cet homme célèbre jusqu'à la dernière année de sa vie . Par Come Alexandre Collini,... Ouvrage posthume contenant des anecdotes et des particularités peu connues sur la vie privée et sur les oeuvres du plus célèbre écrivain du 18e. siècle, augmenté de plusieurs lettres inédites de Voltaire à l'Électeur palatin, au comédien Lanoue, à Mlle. Dumesnil, et de quelques lettres de Mme Denis, sa nièce.;Voltaire (1694-1778), Denis, Louise (1712-1790), Collini, Cosimo Alessandro (1727-1806);L. Collin (Paris);1807;In-8° , XVI-373 p. (Bengesco, n 1968.), Nombre total de vues : 404;français;Notice du catalogue : http://catalogue.bnf.fr/ark:/12148/cb30258743w;Bibliothèque nationale de France, département Littérature et art, Z-15300;Comprend : Quelques lettres..., Contient une table des matières, Avec mode texte;bnf.fr;800;80;monographie;82520;28.06.2010 00:00;6cd992d8-384b-4b1a-afe8-6f80729fa9d4;[{'@xml:lang': 'fre', '#text': 'domaine public'}, {'@xml:lang': 'eng', '#text': 'public domain'}]
Voltaire (1694-1778)_Oeuvres complètes de Voltaire. 44,12;ark__12148_bpt6k6510547t;https://gallica.bnf.fr/ark:/12148/bpt6k6510547t;Oeuvres complètes de Voltaire. 44,12 ;Voltaire (1694-1778), Condorcet, Jean-Antoine-Nicolas de Caritat marquis de (1743-1794);Garnier frères (Paris);1877-1885;"52 vol. ; 24 cm, Nombre total de vues : 614";français;''[''''Notice d'ensemble : http://catalogue.bnf.fr/ark:/12148/cb31602455d'''', 'Notice du catalogue : http://catalogue.bnf.fr/ark:/12148/cb31602455d']'';Bibliothèque nationale de France, département Littérature et art, 8-Z-721 (44);Comprend : Vie de Voltaire, Appartient à l’ensemble documentaire : GTextes1, Avec mode texte;bnf.fr;840;80;monographie;99930;26.03.2013 00:00;125be443-82b3-42b0-9b82-6b70d41c3a73;[{'@xml:lang': 'fre', '#text': 'domaine public'}, {'@xml:lang': 'eng', '#text': 'public domain'}]
